Fecha,tipo_oficial,OIS,Oro,Plata,Gas,VIX,PIB,PIBpc,Inflacion,Desempleo,Rating
1999-01-01,6.25,5.9979774193548385,287.08,5.1393,2.02,26.25,2214131432953.499,37730.715559116055,1.752950800514202,6.042,8.5
1999-02-01,5.580357142857143,5.725460714285715,287.33,5.5306,2.01,27.88,2214131432953.499,37730.715559116055,1.752950800514202,6.042,8.5
1999-03-01,5.5,5.571587096774193,285.96,5.1942,1.95,23.26,2214131432953.499,37730.715559116055,1.752950800514202,6.042,8.5
1999-04-01,5.308333333333334,5.366680000000001,282.62,5.0603,1.87,25.07,2214131432953.499,37730.715559116055,1.752950800514202,6.042,8.5
1999-05-01,5.25,5.2822258064516125,276.44,5.2619,1.89,25.39,2214131432953.499,37730.715559116055,1.752950800514202,6.042,8.5
1999-06-01,5.075,4.853979999999999,261.31,5.0269,1.91,21.09,2214131432953.499,37730.715559116055,1.752950800514202,6.042,8.5
1999-07-01,5.0,5.0018548387096775,256.08,5.1797,2.0,24.64,2214131432953.499,37730.715559116055,1.752950800514202,6.042,8.5
1999-08-01,5.0,4.8205064516129035,256.69,5.2603,2.08,24.45,2214131432953.499,37730.715559116055,1.752950800514202,6.042,8.5
1999-09-01,5.191666666666666,4.916176666666667,264.74,5.2089,2.2,25.41,2214131432953.499,37730.715559116055,1.752950800514202,6.042,8.5
1999-10-01,5.25,5.092838709677419,310.72,5.4123,2.47,22.2,2214131432953.499,37730.715559116055,1.752950800514202,6.042,8.5
1999-11-01,5.475,5.267216666666667,293.18,5.1538,2.51,24.18,2214131432953.499,37730.715559116055,1.752950800514202,6.042,8.5
1999-12-01,5.854838709677419,4.592254838709677,283.07,5.1573,2.66,24.64,2214131432953.499,37730.715559116055,1.752950800514202,6.042,8.5
2000-01-01,5.846774193548387,5.175980645161291,284.32,5.1882,3.36,24.95,2314307169243.878,39297.13663172671,1.182956242104084,5.558,8.5
2000-02-01,5.922413793103448,5.854310344827587,299.86,5.2467,3.46,23.37,2314307169243.878,39297.13663172671,1.182956242104084,5.558,8.5
2000-03-01,6.0,5.761209677419354,286.39,5.0649,3.51,24.11,2314307169243.878,39297.13663172671,1.182956242104084,5.558,8.5
2000-04-01,6.0,5.9317,279.69,5.0645,3.68,26.2,2314307169243.878,39297.13663172671,1.182956242104084,5.558,8.5
2000-05-01,6.0,5.904487096774194,275.19,4.9796,3.55,23.65,2314307169243.878,39297.13663172671,1.182956242104084,5.558,8.5
2000-06-01,6.0,5.903099999999999,285.73,4.9976,3.6,19.54,2314307169243.878,39297.13663172671,1.182956242104084,5.558,8.5
2000-07-01,6.0,5.912148387096774,281.59,4.9692,3.96,20.74,2314307169243.878,39297.13663172671,1.182956242104084,5.558,8.5
2000-08-01,6.0,5.933064516129033,274.47,4.8864,4.01,16.84,2314307169243.878,39297.13663172671,1.182956242104084,5.558,8.5
2000-09-01,6.0,6.07777,273.68,4.8904,4.03,20.57,2314307169243.878,39297.13663172671,1.182956242104084,5.558,8.5
2000-10-01,6.0,5.791722580645161,270.0,4.8302,4.31,23.63,2314307169243.878,39297.13663172671,1.182956242104084,5.558,8.5
2000-11-01,6.0,5.972963333333333,266.01,4.6814,4.39,29.65,2314307169243.878,39297.13663172671,1.182956242104084,5.558,8.5
2000-12-01,6.0,5.711093548387097,271.45,4.6398,4.44,26.85,2314307169243.878,39297.13663172671,1.182956242104084,5.558,8.5
2001-01-01,6.0,5.8424903225806455,265.49,4.6571,4.65,22.02,2369642769659.079,40082.13593568217,1.532349602724177,4.696,8.5
2001-02-01,5.8125,5.814035714285715,261.87,4.5574,4.59,28.35,2369642769659.079,40082.13593568217,1.532349602724177,4.696,8.5
2001-03-01,5.75,5.349267741935484,263.03,4.404,4.57,28.64,2369642769659.079,40082.13593568217,1.532349602724177,4.696,8.5
2001-04-01,5.533333333333333,5.108779999999999,260.48,4.365,4.48,25.48,2369642769659.079,40082.13593568217,1.532349602724177,4.696,8.5
2001-05-01,5.32258064516129,5.491793548387097,272.36,4.4333,4.36,22.64,2369642769659.079,40082.13593568217,1.532349602724177,4.696,8.5
2001-06-01,5.25,4.753493333333334,270.23,4.3738,4.33,19.06,2369642769659.079,40082.13593568217,1.532349602724177,4.696,8.5
2001-07-01,5.25,5.163477419354839,267.53,4.2543,3.75,21.62,2369642769659.079,40082.13593568217,1.532349602724177,4.696,8.5
2001-08-01,5.008064516129032,4.851306451612904,272.39,4.2208,3.79,24.92,2369642769659.079,40082.13593568217,1.532349602724177,4.696,8.5
2001-09-01,5.0,4.788406666666666,283.42,4.353,3.79,31.93,2369642769659.079,40082.13593568217,1.532349602724177,4.696,8.5
2001-10-01,4.548387096774194,4.579141935483871,283.06,4.4012,3.52,33.56,2369642769659.079,40082.13593568217,1.532349602724177,4.696,8.5
2001-11-01,4.116666666666666,3.59957,276.16,4.1226,3.46,23.84,2369642769659.079,40082.13593568217,1.532349602724177,4.696,8.5
2001-12-01,4.0,4.553238709677419,275.85,4.3695,3.4,23.8,2369642769659.079,40082.13593568217,1.532349602724177,4.696,8.5
2002-01-01,4.0,3.7378612903225807,281.51,4.5149,3.06,21.09,2410140612988.0854,40594.93292934499,1.52040245947455,5.037,8.5
2002-02-01,4.0,4.000560714285714,295.5,4.4232,3.03,21.59,2410140612988.0854,40594.93292934499,1.52040245947455,5.037,8.5
2002-03-01,4.0,3.9782225806451614,294.06,4.5393,2.97,17.4,2410140612988.0854,40594.93292934499,1.52040245947455,5.037,8.5
2002-04-01,4.0,3.6855566666666664,302.68,4.5757,2.81,21.91,2410140612988.0854,40594.93292934499,1.52040245947455,5.037,8.5
2002-05-01,4.0,3.9019677419354837,314.49,4.6992,2.83,19.98,2410140612988.0854,40594.93292934499,1.52040245947455,5.037,8.5
2002-06-01,4.0,3.522186666666667,321.18,4.9044,2.9,25.4,2410140612988.0854,40594.93292934499,1.52040245947455,5.037,8.5
2002-07-01,4.0,3.746958064516129,313.29,4.9186,2.95,32.03,2410140612988.0854,40594.93292934499,1.52040245947455,5.037,8.5
2002-08-01,4.0,4.1334709677419355,310.26,4.5403,3.01,32.64,2410140612988.0854,40594.93292934499,1.52040245947455,5.037,8.5
2002-09-01,4.0,3.770506666666667,319.14,4.5536,3.08,39.69,2410140612988.0854,40594.93292934499,1.52040245947455,5.037,8.5
2002-10-01,4.0,4.0523612903225805,316.56,4.4013,3.28,31.14,2410140612988.0854,40594.93292934499,1.52040245947455,5.037,8.5
2002-11-01,4.0,3.6442133333333335,319.07,4.5108,3.34,27.5,2410140612988.0854,40594.93292934499,1.52040245947455,5.037,8.5
2002-12-01,4.0,4.331099999999999,331.92,4.6313,3.36,28.62,2410140612988.0854,40594.93292934499,1.52040245947455,5.037,8.5
2003-01-01,4.0,3.8118838709677423,356.859,4.8062,3.61,31.17,2487711377293.1597,41706.830393012606,1.37650038542013,4.807,8.5
2003-02-01,3.794642857142857,3.6868214285714282,358.97,4.6551,3.67,29.63,2487711377293.1597,41706.830393012606,1.37650038542013,4.807,8.5
2003-03-01,3.75,3.77908064516129,340.55,4.5283,3.74,29.15,2487711377293.1597,41706.830393012606,1.37650038542013,4.807,8.5
2003-04-01,3.75,3.50973,328.18,4.4932,4.03,21.21,2487711377293.1597,41706.830393012606,1.37650038542013,4.807,8.5
2003-05-01,3.75,3.6145193548387096,355.683,4.7413,4.04,19.47,2487711377293.1597,41706.830393012606,1.37650038542013,4.807,8.5
2003-06-01,3.75,3.6673066666666667,356.352,4.5262,4.05,19.52,2487711377293.1597,41706.830393012606,1.37650038542013,4.807,8.5
2003-07-01,3.572580645161291,3.197509677419355,351.02,4.797,4.04,19.49,2487711377293.1597,41706.830393012606,1.37650038542013,4.807,8.5
2003-08-01,3.5000000000000004,3.408535483870968,359.768,4.9893,3.98,18.63,2487711377293.1597,41706.830393012606,1.37650038542013,4.807,8.5
2003-09-01,3.5000000000000004,3.51023,378.945,5.1708,3.97,22.72,2487711377293.1597,41706.830393012606,1.37650038542013,4.807,8.5
2003-10-01,3.5000000000000004,3.368312903225806,378.92,5.0022,3.88,16.1,2487711377293.1597,41706.830393012606,1.37650038542013,4.807,8.5
2003-11-01,3.7083333333333335,3.59075,389.91,5.1777,3.9,16.32,2487711377293.1597,41706.830393012606,1.37650038542013,4.807,8.5
2003-12-01,3.75,3.7334709677419355,406.953,5.6276,3.97,18.31,2487711377293.1597,41706.830393012606,1.37650038542013,4.807,8.5
2004-01-01,3.75,3.6369451612903227,413.788,6.3005,3.87,16.63,2545576004983.0146,42434.82090236381,1.390397566804219,4.594,8.5
2004-02-01,3.9655172413793105,4.038710344827586,404.878,6.4406,3.89,14.55,2545576004983.0146,42434.82090236381,1.390397566804219,4.594,8.5
2004-03-01,4.0,3.918667741935484,406.667,7.2254,3.86,16.74,2545576004983.0146,42434.82090236381,1.390397566804219,4.594,8.5
2004-04-01,4.0,3.8507499999999997,403.26,7.1486,3.92,17.19,2545576004983.0146,42434.82090236381,1.390397566804219,4.594,8.5
2004-05-01,4.209677419354839,4.21168064516129,383.779,5.8674,3.95,15.5,2545576004983.0146,42434.82090236381,1.390397566804219,4.594,8.5
2004-06-01,4.425,4.347040000000001,392.373,5.8618,4.01,14.34,2545576004983.0146,42434.82090236381,1.390397566804219,4.594,8.5
2004-07-01,4.5,4.446093548387097,398.091,6.3141,4.28,15.32,2545576004983.0146,42434.82090236381,1.390397566804219,4.594,8.5
2004-08-01,4.717741935483871,4.645487096774193,400.51,6.66,4.34,15.29,2545576004983.0146,42434.82090236381,1.390397566804219,4.594,8.5
2004-09-01,4.75,4.723436666666667,405.275,6.4034,4.41,13.34,2545576004983.0146,42434.82090236381,1.390397566804219,4.594,8.5
2004-10-01,4.75,4.718764516129032,420.464,7.095,4.83,16.27,2545576004983.0146,42434.82090236381,1.390397566804219,4.594,8.5
2004-11-01,4.75,4.76578,439.375,7.4926,4.96,13.24,2545576004983.0146,42434.82090236381,1.390397566804219,4.594,8.5
2004-12-01,4.75,4.773606451612903,442.079,7.085,5.01,13.29,2545576004983.0146,42434.82090236381,1.390397566804219,4.594,8.5
2005-01-01,4.75,4.748896774193549,424.03,6.619,5.46,12.82,2616614241852.827,43320.562868443834,2.089136490250696,4.884,8.5
2005-02-01,4.75,4.803367857142858,423.35,7.03,5.49,12.08,2616614241852.827,43320.562868443834,2.089136490250696,4.884,8.5
2005-03-01,4.75,4.720370967741935,433.85,7.2282,5.52,14.02,2616614241852.827,43320.562868443834,2.089136490250696,4.884,8.5
2005-04-01,4.75,4.804163333333333,429.233,7.1188,5.86,15.31,2616614241852.827,43320.562868443834,2.089136490250696,4.884,8.5
2005-05-01,4.75,4.694883870967742,421.873,7.0224,5.89,13.29,2616614241852.827,43320.562868443834,2.089136490250696,4.884,8.5
2005-06-01,4.75,4.776583333333334,430.657,7.3105,5.91,12.04,2616614241852.827,43320.562868443834,2.089136490250696,4.884,8.5
2005-07-01,4.75,4.754564516129032,424.479,7.0145,6.42,11.57,2616614241852.827,43320.562868443834,2.089136490250696,4.884,8.5
2005-08-01,4.524193548387097,4.56788064516129,437.93,7.0334,6.56,12.6,2616614241852.827,43320.562868443834,2.089136490250696,4.884,8.5
2005-09-01,4.5,4.561913333333334,456.048,7.1536,6.58,11.92,2616614241852.827,43320.562868443834,2.089136490250696,4.884,8.5
2005-10-01,4.5,4.438025806451613,469.898,7.6705,7.28,15.32,2616614241852.827,43320.562868443834,2.089136490250696,4.884,8.5
2005-11-01,4.5,4.531286666666667,476.666,7.8725,7.46,12.06,2616614241852.827,43320.562868443834,2.089136490250696,4.884,8.5
2005-12-01,4.5,4.636929032258064,510.097,8.627,7.49,12.07,2616614241852.827,43320.562868443834,2.089136490250696,4.884,8.5
2006-01-01,4.5,4.484187096774194,549.864,9.1391,7.96,12.95,2673913418491.8506,43944.998579906896,2.455661664392905,5.472,8.5
2006-02-01,4.5,4.409471428571428,554.995,9.5349,7.95,12.34,2673913418491.8506,43944.998579906896,2.455661664392905,5.472,8.5
2006-03-01,4.5,4.559925806451613,557.093,10.3838,7.99,11.39,2673913418491.8506,43944.998579906896,2.455661664392905,5.472,8.5
2006-04-01,4.5,4.477306666666666,610.653,12.6144,8.24,11.59,2673913418491.8506,43944.998579906896,2.455661664392905,5.472,8.5
2006-05-01,4.5,4.517835483870967,675.393,13.3772,8.28,16.44,2673913418491.8506,43944.998579906896,2.455661664392905,5.472,8.5
2006-06-01,4.5,4.570196666666666,596.145,10.7964,8.29,13.08,2673913418491.8506,43944.998579906896,2.455661664392905,5.472,8.5
2006-07-01,4.5,4.5543774193548385,633.71,11.2324,8.58,14.95,2673913418491.8506,43944.998579906896,2.455661664392905,5.472,8.5
2006-08-01,4.733870967741935,4.809503225806452,632.593,12.1874,8.71,12.31,2673913418491.8506,43944.998579906896,2.455661664392905,5.472,8.5
2006-09-01,4.75,4.793783333333334,598.186,11.6769,8.77,11.98,2673913418491.8506,43944.998579906896,2.455661664392905,5.472,8.5
2006-10-01,4.75,4.825861290322581,585.78,11.5586,8.97,11.1,2673913418491.8506,43944.998579906896,2.455661664392905,5.472,8.5
2006-11-01,4.933333333333334,5.00012,627.827,12.9311,8.99,10.91,2673913418491.8506,43944.998579906896,2.455661664392905,5.472,8.5
2006-12-01,5.0,5.091487096774193,629.791,13.2786,8.92,11.56,2673913418491.8506,43944.998579906896,2.455661664392905,5.472,8.5
2007-01-01,5.169354838709677,5.228148387096774,631.166,12.8413,8.59,10.42,2752283449984.534,44882.14131230401,2.386561507733271,5.399,8.5
2007-02-01,5.25,5.318603571428571,664.745,13.91,8.56,15.42,2752283449984.534,44882.14131230401,2.386561507733271,5.399,8.5
2007-03-01,5.25,5.304148387096774,654.895,13.1843,8.37,14.64,2752283449984.534,44882.14131230401,2.386561507733271,5.399,8.5
2007-04-01,5.25,5.2987866666666665,679.368,13.7233,8.0,14.22,2752283449984.534,44882.14131230401,2.386561507733271,5.399,8.5
2007-05-01,5.42741935483871,5.476232258064516,667.31,13.1478,7.98,13.05,2752283449984.534,44882.14131230401,2.386561507733271,5.399,8.5
2007-06-01,5.5,5.62285,655.66,13.1443,8.03,16.23,2752283449984.534,44882.14131230401,2.386561507733271,5.399,8.5
2007-07-01,5.717741935483871,5.850345161290323,665.38,12.9093,8.13,23.52,2752283449984.534,44882.14131230401,2.386561507733271,5.399,8.5
2007-08-01,5.75,5.938167741935484,665.411,12.3343,8.34,23.38,2752283449984.534,44882.14131230401,2.386561507733271,5.399,8.5
2007-09-01,5.75,5.8432933333333335,712.653,12.8335,8.54,18.0,2752283449984.534,44882.14131230401,2.386561507733271,5.399,8.5
2007-10-01,5.75,5.775677419354839,754.604,13.6704,9.16,18.53,2752283449984.534,44882.14131230401,2.386561507733271,5.399,8.5
2007-11-01,5.75,5.787263333333333,806.248,14.7016,9.47,22.87,2752283449984.534,44882.14131230401,2.386561507733271,5.399,8.5
2007-12-01,5.540322580645161,5.58368064516129,803.203,14.3036,9.49,22.5,2752283449984.534,44882.14131230401,2.386561507733271,5.399,8.5
2008-01-01,5.5,5.516977419354839,889.595,15.9089,10.7,26.2,2750923500693.3433,44508.28746314787,3.521408563425387,5.748,8.5
2008-02-01,5.301724137931035,5.335206896551724,922.298,17.569,10.84,26.54,2750923500693.3433,44508.28746314787,3.521408563425387,5.748,8.5
2008-03-01,5.25,5.2966612903225805,968.434,19.3174,11.04,25.61,2750923500693.3433,44508.28746314787,3.521408563425387,5.748,8.5
2008-04-01,5.075,5.073163333333333,909.705,17.5,12.19,20.79,2750923500693.3433,44508.28746314787,3.521408563425387,5.748,8.5
2008-05-01,5.0,5.032603225806452,888.663,17.06,12.38,17.83,2750923500693.3433,44508.28746314787,3.521408563425387,5.748,8.5
2008-06-01,5.0,5.030353333333333,889.488,16.969,12.63,23.95,2750923500693.3433,44508.28746314787,3.521408563425387,5.748,8.5
2008-07-01,5.0,5.010735483870968,939.772,18.0339,14.37,22.94,2750923500693.3433,44508.28746314787,3.521408563425387,5.748,8.5
2008-08-01,5.0,4.998687096774194,839.025,14.635,14.64,20.65,2750923500693.3433,44508.28746314787,3.521408563425387,5.748,8.5
2008-09-01,5.0,4.87212,829.932,12.373,14.85,39.39,2750923500693.3433,44508.28746314787,3.521408563425387,5.748,8.5
2008-10-01,4.612903225806452,4.428848387096774,806.62,10.4413,15.93,59.89,2750923500693.3433,44508.28746314787,3.521408563425387,5.748,8.5
2008-11-01,3.25,2.8235433333333333,760.863,9.8652,15.81,55.28,2750923500693.3433,44508.28746314787,3.521408563425387,5.748,8.5
2008-12-01,2.096774193548387,1.6018645161290324,816.092,10.2857,15.5,40.0,2750923500693.3433,44508.28746314787,3.521408563425387,5.748,8.5
2009-01-01,1.6129032258064515,1.3363387096774193,858.69,11.2682,13.89,44.84,2624727410659.6426,42146.50958799624,1.961731735601091,7.683,8.5
2009-02-01,1.0714285714285714,0.8955928571428571,943.0,13.4125,11.04,46.35,2624727410659.6426,42146.50958799624,1.961731735601091,7.683,8.5
2009-03-01,0.5645161290322581,0.5192967741935485,924.273,13.1168,10.9,44.14,2624727410659.6426,42146.50958799624,1.961731735601091,7.683,8.5
2009-04-01,0.5,0.4088233333333333,890.2,12.4793,8.51,36.5,2624727410659.6426,42146.50958799624,1.961731735601091,7.683,8.5
2009-05-01,0.5,0.41577096774193545,928.645,13.9838,8.09,28.92,2624727410659.6426,42146.50958799624,1.961731735601091,7.683,8.5
2009-06-01,0.5,0.41605000000000003,945.67,14.6543,7.95,26.35,2624727410659.6426,42146.50958799624,1.961731735601091,7.683,8.5
2009-07-01,0.5,0.41851935483870967,934.228,13.3617,6.67,25.92,2624727410659.6426,42146.50958799624,1.961731735601091,7.683,8.5
2009-08-01,0.5,0.4229741935483871,949.375,14.3567,6.92,26.01,2624727410659.6426,42146.50958799624,1.961731735601091,7.683,8.5
2009-09-01,0.5,0.43091,996.591,16.3895,7.13,25.61,2624727410659.6426,42146.50958799624,1.961731735601091,7.683,8.5
2009-10-01,0.5,0.4477806451612903,1043.159,17.2361,7.6,30.69,2624727410659.6426,42146.50958799624,1.961731735601091,7.683,8.5
2009-11-01,0.5,0.45091333333333333,1127.036,17.8213,7.81,24.51,2624727410659.6426,42146.50958799624,1.961731735601091,7.683,8.5
2009-12-01,0.5,0.4497741935483871,1134.724,17.6422,8.01,21.68,2624727410659.6426,42146.50958799624,1.961731735601091,7.683,8.5
2010-01-01,0.5,0.4541870967741935,1117.963,17.749,8.8,24.62,2684060544650.545,42762.720840223024,2.492654724670655,7.973,8.5
2010-02-01,0.5,0.46778928571428574,1095.413,15.873,8.8,19.5,2684060544650.545,42762.720840223024,2.492654724670655,7.973,8.5
2010-03-01,0.5,0.47150967741935484,1113.337,17.1061,8.93,17.59,2684060544650.545,42762.720840223024,2.492654724670655,7.973,8.5
2010-04-01,0.5,0.47252333333333335,1148.688,18.0623,7.52,22.05,2684060544650.545,42762.720840223024,2.492654724670655,7.973,8.5
2010-05-01,0.5,0.48428387096774195,1205.434,18.4333,7.27,32.07,2684060544650.545,42762.720840223024,2.492654724670655,7.973,8.5
2010-06-01,0.5,0.4868766666666666,1232.92,18.4548,7.74,34.54,2684060544650.545,42762.720840223024,2.492654724670655,7.973,8.5
2010-07-01,0.5,0.48978064516129033,1192.966,17.9605,8.04,23.5,2684060544650.545,42762.720840223024,2.492654724670655,7.973,8.5
2010-08-01,0.5,0.49166129032258066,1215.81,18.3877,8.45,26.05,2684060544650.545,42762.720840223024,2.492654724670655,7.973,8.5
2010-09-01,0.5,0.5012566666666667,1270.977,20.5498,8.28,23.7,2684060544650.545,42762.720840223024,2.492654724670655,7.973,8.5
2010-10-01,0.5,0.5094741935483871,1342.024,23.3933,8.29,21.2,2684060544650.545,42762.720840223024,2.492654724670655,7.973,8.5
2010-11-01,0.5,0.5089366666666667,1369.886,26.5409,8.59,23.54,2684060544650.545,42762.720840223024,2.492654724670655,7.973,8.5
2010-12-01,0.5,0.5171387096774194,1390.553,29.3248,8.74,17.75,2684060544650.545,42762.720840223024,2.492654724670655,7.973,8.5
2011-01-01,0.5,0.5094258064516128,1360.46,28.5086,9.61,19.53,2706913649065.854,42791.09343134741,3.8561124468282,8.195,8.5
2011-02-01,0.5,0.5092642857142857,1374.68,30.7785,9.36,18.35,2706913649065.854,42791.09343134741,3.8561124468282,8.195,8.5
2011-03-01,0.5,0.515758064516129,1423.26,35.8135,9.37,17.74,2706913649065.854,42791.09343134741,3.8561124468282,8.195,8.5
2011-04-01,0.5,0.5265633333333334,1480.89,42.6952,10.36,14.75,2706913649065.854,42791.09343134741,3.8561124468282,8.195,8.5
2011-05-01,0.5,0.5227903225806451,1512.58,37.3359,10.3,15.45,2706913649065.854,42791.09343134741,3.8561124468282,8.195,8.5
2011-06-01,0.5,0.5292600000000001,1529.36,35.795,10.26,16.52,2706913649065.854,42791.09343134741,3.8561124468282,8.195,8.5
2011-07-01,0.5,0.5248516129032258,1572.75,37.9171,10.99,25.25,2706913649065.854,42791.09343134741,3.8561124468282,8.195,8.5
2011-08-01,0.5,0.538132258064516,1759.01,40.3313,10.81,31.62,2706913649065.854,42791.09343134741,3.8561124468282,8.195,8.5
2011-09-01,0.5,0.54569,1772.14,38.1545,10.85,42.96,2706913649065.854,42791.09343134741,3.8561124468282,8.195,8.5
2011-10-01,0.5,0.5407967741935484,1666.43,31.9748,11.42,29.96,2706913649065.854,42791.09343134741,3.8561124468282,8.195,8.5
2011-11-01,0.5,0.53369,1739.0,33.0818,11.32,27.8,2706913649065.854,42791.09343134741,3.8561124468282,8.195,8.5
2011-12-01,0.5,0.5170935483870969,1639.97,30.3032,11.53,23.4,2706913649065.854,42791.09343134741,3.8561124468282,8.195,8.5
2012-01-01,0.5,0.5127129032258064,1654.05,30.6509,11.45,19.44,2748282336997.973,43136.70067959965,2.573234796545302,8.279,8.5
2012-02-01,0.5,0.49866206896551724,1744.82,34.1405,11.12,18.43,2748282336997.973,43136.70067959965,2.573234796545302,8.279,8.5
2012-03-01,0.5,0.48914838709677416,1675.95,32.9532,11.97,15.5,2748282336997.973,43136.70067959965,2.573234796545302,8.279,8.5
2012-04-01,0.5,0.4854266666666666,1649.2,31.5255,11.42,17.15,2748282336997.973,43136.70067959965,2.573234796545302,8.279,8.5
2012-05-01,0.5,0.48410645161290317,1589.04,28.7196,11.64,24.06,2748282336997.973,43136.70067959965,2.573234796545302,8.279,8.5
2012-06-01,0.5,0.48566000000000004,1598.76,27.9836,11.49,17.08,2748282336997.973,43136.70067959965,2.573234796545302,8.279,8.5
2012-07-01,0.5,0.46453548387096777,1594.29,27.4318,11.13,18.93,2748282336997.973,43136.70067959965,2.573234796545302,8.279,8.5
2012-08-01,0.5,0.4493967741935484,1630.31,28.8002,11.18,17.47,2748282336997.973,43136.70067959965,2.573234796545302,8.279,8.5
2012-09-01,0.5,0.4245333333333334,1744.81,33.6085,11.08,15.73,2748282336997.973,43136.70067959965,2.573234796545302,8.279,8.5
2012-10-01,0.5,0.4343129032258065,1746.58,33.1874,11.58,18.6,2748282336997.973,43136.70067959965,2.573234796545302,8.279,8.5
2012-11-01,0.5,0.4265366666666666,1721.64,32.7732,11.83,15.87,2748282336997.973,43136.70067959965,2.573234796545302,8.279,8.5
2012-12-01,0.5,0.4320516129032258,1684.762,31.8745,11.79,18.02,2748282336997.973,43136.70067959965,2.573234796545302,8.279,8.5
2013-01-01,0.5,0.4101451612903226,1671.84782608696,31.06173913043,11.87,14.28,2795510733841.0557,43585.19362386467,2.291666666666594,7.752,8.5
2013-02-01,0.5,0.42575357142857145,1627.57,30.3288,11.77,15.51,2795510733841.0557,43585.19362386467,2.291666666666594,7.752,8.5
2013-03-01,0.5,0.4334290322580645,1593.08619047619,28.79095238095,11.87,12.7,2795510733841.0557,43585.19362386467,2.291666666666594,7.752,8.5
2013-04-01,0.5,0.43945666666666666,1487.85727272727,25.355,12.88,13.52,2795510733841.0557,43585.19362386467,2.291666666666594,7.752,8.5
2013-05-01,0.5,0.4331806451612903,1414.02695652174,23.03826086957,12.29,16.3,2795510733841.0557,43585.19362386467,2.291666666666594,7.752,8.5
2013-06-01,0.5,0.42291333333333336,1343.35,21.109,11.92,16.86,2795510733841.0557,43585.19362386467,2.291666666666594,7.752,8.5
2013-07-01,0.5,0.4302290322580645,1285.51565217391,19.7102173913,11.6,13.45,2795510733841.0557,43585.19362386467,2.291666666666594,7.752,8.5
2013-08-01,0.5,0.4263096774193548,1351.74181818182,21.89386363636,11.64,17.01,2795510733841.0557,43585.19362386467,2.291666666666594,7.752,8.5
2013-09-01,0.5,0.42912666666666666,1348.6,22.5638,11.25,16.6,2795510733841.0557,43585.19362386467,2.291666666666594,7.752,8.5
2013-10-01,0.5,0.4312967741935484,1316.58,21.917,11.37,13.75,2795510733841.0557,43585.19362386467,2.291666666666594,7.752,8.5
2013-11-01,0.5,0.42917666666666665,1275.86,20.7576,11.42,13.7,2795510733841.0557,43585.19362386467,2.291666666666594,7.752,8.5
2013-12-01,0.5,0.4227,1221.5119047619,19.67,11.55,13.72,2795510733841.0557,43585.19362386467,2.291666666666594,7.752,8.5
2014-01-01,0.5,0.4241903225806452,1244.27,19.875,11.59,18.41,2883853723651.9795,44627.88182686443,1.451120162932792,6.398,8.5
2014-02-01,0.5,0.41949642857142855,1299.58,20.845,11.3,14.0,2883853723651.9795,44627.88182686443,1.451120162932792,6.398,8.5
2014-03-01,0.5,0.4149387096774194,1336.08,20.716,10.88,13.88,2883853723651.9795,44627.88182686443,1.451120162932792,6.398,8.5
2014-04-01,0.5,0.42218666666666665,1298.45,19.736,10.73,13.41,2883853723651.9795,44627.88182686443,1.451120162932792,6.398,8.5
2014-05-01,0.5,0.42331935483870964,1288.74,19.342,10.2,11.4,2883853723651.9795,44627.88182686443,1.451120162932792,6.398,8.5
2014-06-01,0.5,0.42762666666666665,1279.1,19.892,9.77,11.57,2883853723651.9795,44627.88182686443,1.451120162932792,6.398,8.5
2014-07-01,0.5,0.42753870967741936,1310.59,20.923,9.27,16.95,2883853723651.9795,44627.88182686443,1.451120162932792,6.398,8.5
2014-08-01,0.5,0.4208064516129032,1295.13,19.736,9.14,12.09,2883853723651.9795,44627.88182686443,1.451120162932792,6.398,8.5
2014-09-01,0.5,0.43249333333333334,1236.55,18.369,9.24,16.31,2883853723651.9795,44627.88182686443,1.451120162932792,6.398,8.5
2014-10-01,0.5,0.43048387096774193,1222.49,17.163,9.77,14.03,2883853723651.9795,44627.88182686443,1.451120162932792,6.398,8.5
2014-11-01,0.5,0.43101333333333336,1175.33,15.966,8.9,13.33,2883853723651.9795,44627.88182686443,1.451120162932792,6.398,8.5
2014-12-01,0.5,0.4289612903225807,1200.62,16.295,9.83,19.2,2883853723651.9795,44627.88182686443,1.451120162932792,6.398,8.5
2015-01-01,0.5,0.4327870967741935,1250.75,17.236,9.25,20.97,2945579890258.4585,45255.34492162086,0.3680468423253604,5.552,8.5
2015-02-01,0.5,0.44982142857142854,1227.08,16.787,8.27,13.34,2945579890258.4585,45255.34492162086,0.3680468423253604,5.552,8.5
2015-03-01,0.5,0.4568387096774193,1178.63,16.24,8.27,15.29,2945579890258.4585,45255.34492162086,0.3680468423253604,5.552,8.5
2015-04-01,0.5,0.4574433333333333,1198.93,16.341,6.77444566675,14.55,2945579890258.4585,45255.34492162086,0.3680468423253604,5.552,8.5
2015-05-01,0.5,0.4618064516129032,1198.63,16.833,6.68399731108,13.84,2945579890258.4585,45255.34492162086,0.3680468423253604,5.552,8.5
2015-06-01,0.5,0.45719666666666664,1181.5,16.075,6.66672592954,18.23,2945579890258.4585,45255.34492162086,0.3680468423253604,5.552,8.5
2015-07-01,0.5,0.45485806451612903,1128.31,15.053,6.69403713465,12.12,2945579890258.4585,45255.34492162086,0.3680468423253604,5.552,8.5
2015-08-01,0.5,0.4582838709677419,1117.93,14.941,6.34573758328,28.43,2945579890258.4585,45255.34492162086,0.3680468423253604,5.552,8.5
2015-09-01,0.5,0.45549666666666666,1124.77,14.75,6.27869866034,24.5,2945579890258.4585,45255.34492162086,0.3680468423253604,5.552,8.5
2015-10-01,0.5,0.461841935483871,1159.25,15.813,6.0269578206,15.07,2945579890258.4585,45255.34492162086,0.3680468423253604,5.552,8.5
2015-11-01,0.5,0.46359999999999996,1086.44,14.452,5.50083385123,16.13,2945579890258.4585,45255.34492162086,0.3680468423253604,5.552,8.5
2015-12-01,0.5,0.4591387096774194,1075.74,14.127,5.09276298262,18.21,2945579890258.4585,45255.34492162086,0.3680468423253604,5.552,8.5
2016-01-01,0.5,0.45400645161290326,1097.91,14.106,4.39818627541,20.2,3010574705731.299,45888.010513074805,1.008417368114095,4.909,8.5
2016-02-01,0.5,0.4661758620689655,1199.5,15.167,3.96837858928,20.55,3010574705731.299,45888.010513074805,1.008417368114095,4.909,8.5
2016-03-01,0.5,0.4660548387096774,1245.14,15.465,3.9101802431,13.95,3010574705731.299,45888.010513074805,1.008417368114095,4.909,8.5
2016-04-01,0.5,0.46664999999999995,1242.26,16.36,3.97007508979,15.7,3010574705731.299,45888.010513074805,1.008417368114095,4.909,8.5
2016-05-01,0.5,0.4630451612903226,1260.95,16.947,4.32919186506,14.19,3010574705731.299,45888.010513074805,1.008417368114095,4.909,8.5
2016-06-01,0.5,0.46016999999999997,1276.4,17.286,4.75572046689,15.63,3010574705731.299,45888.010513074805,1.008417368114095,4.909,8.5
2016-07-01,0.5,0.45893870967741934,1336.66,19.992,4.67473769135,11.87,3010574705731.299,45888.010513074805,1.008417368114095,4.909,8.5
2016-08-01,0.27419354838709675,0.23795806451612905,1340.17,19.587,4.0474899302,13.42,3010574705731.299,45888.010513074805,1.008417368114095,4.909,8.5
2016-09-01,0.25,0.21370666666666666,1326.61,19.357,4.25361416995,13.29,3010574705731.299,45888.010513074805,1.008417368114095,4.909,8.5
2016-10-01,0.25,0.20860645161290323,1266.55,17.655,5.33681888345,17.06,3010574705731.299,45888.010513074805,1.008417368114095,4.909,8.5
2016-11-01,0.25,0.21108000000000002,1238.35,17.407,5.69317950115,13.33,3010574705731.299,45888.010513074805,1.008417368114095,4.909,8.5
2016-12-01,0.25,0.2113774193548387,1157.36,16.432,5.4235014224,14.04,3010574705731.299,45888.010513074805,1.008417368114095,4.909,8.5
2017-01-01,0.25,0.21216129032258063,1192.1,16.902,6.1443492548,11.99,3101591068534.485,47018.025475767594,2.557755775577473,4.501,8.5
2017-02-01,0.25,0.2108464285714286,1234.2,17.933,6.0515836448,12.92,3101591068534.485,47018.025475767594,2.557755775577473,4.501,8.5
2017-03-01,0.25,0.21003225806451614,1231.42,17.631,5.00094507654,12.37,3101591068534.485,47018.025475767594,2.557755775577473,4.501,8.5
2017-04-01,0.25,0.20895000000000002,1266.88,18.033,5.0109139183,10.82,3101591068534.485,47018.025475767594,2.557755775577473,4.501,8.5
2017-05-01,0.25,0.21283225806451614,1246.04,16.745,5.05843597847,10.41,3101591068534.485,47018.025475767594,2.557755775577473,4.501,8.5
2017-06-01,0.25,0.21236666666666668,1260.26,16.931,4.88676678563,11.18,3101591068534.485,47018.025475767594,2.557755775577473,4.501,8.5
2017-07-01,0.25,0.21153225806451614,1236.84,16.152,5.00392083226,10.26,3101591068534.485,47018.025475767594,2.557755775577473,4.501,8.5
2017-08-01,0.25,0.2133032258064516,1283.04,16.952,5.47660118187,10.59,3101591068534.485,47018.025475767594,2.557755775577473,4.501,8.5
2017-09-01,0.25,0.21227000000000001,1314.07,17.432,5.96114997199,9.51,3101591068534.485,47018.025475767594,2.557755775577473,4.501,8.5
2017-10-01,0.25,0.21054516129032258,1279.51,16.941,6.17632034854,10.18,3101591068534.485,47018.025475767594,2.557755775577473,4.501,8.5
2017-11-01,0.49166666666666664,0.4529533333333333,1281.9,16.977,6.69459903982,11.28,3101591068534.485,47018.025475767594,2.557755775577473,4.501,8.5
2017-12-01,0.5,0.45952258064516127,1264.45,16.165,7.13893361413,11.04,3101591068534.485,47018.025475767594,2.557755775577473,4.501,8.5
2018-01-01,0.5,0.46178709677419355,1331.3,17.127,6.66225501314,13.54,3149707010747.532,47514.77636934532,2.292839903459376,4.145,8.5
2018-02-01,0.5,0.4636571428571429,1330.73,16.582,6.7187497665,19.85,3149707010747.532,47514.77636934532,2.292839903459376,4.145,8.5
2018-03-01,0.5,0.4627774193548387,1324.66,16.473,6.69738764036,19.97,3149707010747.532,47514.77636934532,2.292839903459376,4.145,8.5
2018-04-01,0.5,0.46153333333333335,1334.76,16.648,6.92785820242,15.93,3149707010747.532,47514.77636934532,2.292839903459376,4.145,8.5
2018-05-01,0.5,0.45329677419354836,1303.45,16.49,7.48735405732,15.43,3149707010747.532,47514.77636934532,2.292839903459376,4.145,8.5
2018-06-01,0.5,0.45061999999999997,1281.57,16.541,7.44894284404,16.09,3149707010747.532,47514.77636934532,2.292839903459376,4.145,8.5
2018-07-01,0.5,0.45439999999999997,1237.71,15.723,7.59883923025,12.83,3149707010747.532,47514.77636934532,2.292839903459376,4.145,8.5
2018-08-01,0.7419354838709677,0.6945838709677419,1201.71,14.987,8.08490993844,12.86,3149707010747.532,47514.77636934532,2.292839903459376,4.145,8.5
2018-09-01,0.75,0.7011566666666667,1198.39,14.272,9.52157703121,12.12,3149707010747.532,47514.77636934532,2.292839903459376,4.145,8.5
2018-10-01,0.75,0.7010741935483871,1215.39,14.597,8.79096072974,21.23,3149707010747.532,47514.77636934532,2.292839903459376,4.145,8.5
2018-11-01,0.75,0.7017233333333334,1220.65,14.353,8.26507901291,18.07,3149707010747.532,47514.77636934532,2.292839903459376,4.145,8.5
2018-12-01,0.75,0.7029354838709677,1250.4,14.772,7.97624238009,25.42,3149707010747.532,47514.77636934532,2.292839903459376,4.145,8.5
2019-01-01,0.75,0.7051548387096774,1291.75,15.624,7.26234323345,16.57,3189276748351.15,47864.75887126337,1.738104600865128,3.657,8.5
2019-02-01,0.75,0.7059964285714286,1320.07,15.815,6.0057971222,14.78,3189276748351.15,47864.75887126337,1.738104600865128,3.657,8.5
2019-03-01,0.75,0.7051354838709678,1300.9,15.296,5.17873567413,13.71,3189276748351.15,47864.75887126337,1.738104600865128,3.657,8.5
2019-04-01,0.75,0.7082933333333333,1285.91,15.055,4.92218081968,13.12,3189276748351.15,47864.75887126337,1.738104600865128,3.657,8.5
2019-05-01,0.75,0.7093645161290323,1283.7,14.662,4.34105529405,18.71,3189276748351.15,47864.75887126337,1.738104600865128,3.657,8.5
2019-06-01,0.75,0.7083566666666667,1359.04,15.036,3.58800651227,15.08,3189276748351.15,47864.75887126337,1.738104600865128,3.657,8.5
2019-07-01,0.75,0.7090516129032258,1412.89,15.791,3.62037140561,16.12,3189276748351.15,47864.75887126337,1.738104600865128,3.657,8.5
2019-08-01,0.75,0.7101612903225807,1500.41,17.224,3.67677516041,18.98,3189276748351.15,47864.75887126337,1.738104600865128,3.657,8.5
2019-09-01,0.75,0.7097566666666667,1510.58,18.16,4.20525568494,16.24,3189276748351.15,47864.75887126337,1.738104600865128,3.657,8.5
2019-10-01,0.75,0.7107709677419355,1494.81,17.645,5.05721785787,13.22,3189276748351.15,47864.75887126337,1.738104600865128,3.657,8.5
2019-11-01,0.75,0.7104966666666667,1470.79,17.165,5.15000421731,12.62,3189276748351.15,47864.75887126337,1.738104600865128,3.657,8.5
2019-12-01,0.75,0.7101419354838711,1479.13,17.138,4.62047221239,13.78,3189276748351.15,47864.75887126337,1.738104600865128,3.657,8.5
2020-01-01,0.75,0.7112645161290322,1560.67,17.972,3.63338434727,18.84,2868821517197.408,42982.46310076424,0.9894867037724913,4.472,8.5
2020-02-01,0.75,0.7105586206896553,1597.1,17.88,2.90777364106,40.11,2868821517197.408,42982.46310076424,0.9894867037724913,4.472,8.5
2020-03-01,0.34838709677419355,0.31781612903225803,1591.93,14.884,2.71886838175,53.54,2868821517197.408,42982.46310076424,0.9894867037724913,4.472,8.5
2020-04-01,0.1,0.0656,1683.17,15.065,2.12031866732,34.15,2868821517197.408,42982.46310076424,0.9894867037724913,4.472,8.5
2020-05-01,0.1,0.06733870967741935,1715.91,16.256,1.57516497792,27.51,2868821517197.408,42982.46310076424,0.9894867037724913,4.472,8.5
2020-06-01,0.1,0.06471,1732.22,17.713,1.75217111218,30.43,2868821517197.408,42982.46310076424,0.9894867037724913,4.472,8.5
2020-07-01,0.1,0.059864516129032264,1846.51,20.647,1.80103549647,24.46,2868821517197.408,42982.46310076424,0.9894867037724913,4.472,8.5
2020-08-01,0.1,0.05648387096774194,1968.63,27.003,2.86189667673,26.41,2868821517197.408,42982.46310076424,0.9894867037724913,4.472,8.5
2020-09-01,0.1,0.05487333333333333,1921.92,25.742,3.95213946267,26.37,2868821517197.408,42982.46310076424,0.9894867037724913,4.472,8.5
2020-10-01,0.1,0.053835483870967746,1900.27,24.23,4.88959040816,38.02,2868821517197.408,42982.46310076424,0.9894867037724913,4.472,8.5
2020-11-01,0.1,0.05374666666666667,1866.3,24.079,4.83583900516,20.57,2868821517197.408,42982.46310076424,0.9894867037724913,4.472,8.5
2020-12-01,0.1,0.049119354838709675,1858.42,24.968,5.85610629604,22.75,2868821517197.408,42982.46310076424,0.9894867037724913,4.472,8.5
2021-01-01,0.1,0.048693548387096774,1866.98,25.88,7.2683017493,33.09,3113908148054.3467,46487.34247065488,2.51837109614213,4.864,8.5
2021-02-01,0.1,0.04876071428571428,1808.17,27.293,6.15850716652,27.95,3113908148054.3467,46487.34247065488,2.51837109614213,4.864,8.5
2021-03-01,0.1,0.04863225806451613,1718.23,25.648,6.12706957935,19.4,3113908148054.3467,46487.34247065488,2.51837109614213,4.864,8.5
2021-04-01,0.1,0.048440000000000004,1760.04,25.687,7.14681628809,18.61,3113908148054.3467,46487.34247065488,2.51837109614213,4.864,8.5
2021-05-01,0.1,0.04974516129032258,1850.26,27.504,8.90875692439,16.76,3113908148054.3467,46487.34247065488,2.51837109614213,4.864,8.5
2021-06-01,0.1,0.04991666666666667,1834.57,26.995,10.30105100564,15.83,3113908148054.3467,46487.34247065488,2.51837109614213,4.864,8.5
2021-07-01,0.1,0.050554838709677426,1807.84,25.677,12.50994243239,18.24,3113908148054.3467,46487.34247065488,2.51837109614213,4.864,8.5
2021-08-01,0.1,0.05044516129032258,1785.28,23.986,15.42647593843,16.48,3113908148054.3467,46487.34247065488,2.51837109614213,4.864,8.5
2021-09-01,0.1,0.050030000000000005,1775.14,23.185,22.84059607792,23.14,3113908148054.3467,46487.34247065488,2.51837109614213,4.864,8.5
2021-10-01,0.1,0.05022580645161291,1776.85,23.413,31.05246636754,16.26,3113908148054.3467,46487.34247065488,2.51837109614213,4.864,8.5
2021-11-01,0.1,0.046766666666666665,1821.76,24.175,27.62343200775,27.19,3113908148054.3467,46487.34247065488,2.51837109614213,4.864,8.5
2021-12-01,0.1774193548387097,0.12050967741935485,1790.43,22.532,38.02711984318,17.22,3113908148054.3467,46487.34247065488,2.51837109614213,4.864,8.5
2022-01-01,0.25,0.19540967741935483,1816.02,23.158,28.26067331655,24.83,3274265196937.193,48433.00983576701,7.922048831479023,3.768,8.5
2022-02-01,0.48214285714285715,0.4271107142857143,1856.3,23.542,27.2297159067,30.15,3274265196937.193,48433.00983576701,7.922048831479023,3.768,8.5
2022-03-01,0.6209677419354839,0.5637387096774193,1947.83,25.314,42.39297079612,20.56,3274265196937.193,48433.00983576701,7.922048831479023,3.768,8.5
2022-04-01,0.75,0.69067,1936.86,24.545,32.20418722871,33.4,3274265196937.193,48433.00983576701,7.922048831479023,3.768,8.5
2022-05-01,0.967741935483871,0.9073741935483871,1848.5,21.905,29.17072267381,26.19,3274265196937.193,48433.00983576701,7.922048831479023,3.768,8.5
2022-06-01,1.125,1.06424,1836.57,21.556,33.55773104275,28.71,3274265196937.193,48433.00983576701,7.922048831479023,3.768,8.5
2022-07-01,1.25,1.1907806451612903,1732.74,19.075,51.33003047298,21.33,3274265196937.193,48433.00983576701,7.922048831479023,3.768,8.5
2022-08-01,1.7016129032258067,1.641793548387097,1764.56,19.724,70.04363980339,25.87,3274265196937.193,48433.00983576701,7.922048831479023,3.768,8.5
2022-09-01,2.2333333333333334,1.84033,1680.78,18.944,59.10262225038,31.62,3274265196937.193,48433.00983576701,7.922048831479023,3.768,8.5
2022-10-01,2.25,2.1859548387096774,1664.45,19.426,39.02204993845,25.88,3274265196937.193,48433.00983576701,7.922048831479023,3.768,8.5
2022-11-01,2.95,2.8778133333333336,1725.07,21.018,35.72328224044,20.58,3274265196937.193,48433.00983576701,7.922048831479023,3.768,8.5
2022-12-01,3.2741935483870974,3.2021612903225805,1797.55,23.326,36.04426003614,21.67,3274265196937.193,48433.00983576701,7.922048831479023,3.768,8.5
2023-01-01,3.5000000000000004,3.4275322580645162,1897.71,23.653,20.18397092135,19.4,3283159739927.952,47934.93750989827,6.793967067939626,4.025,8.5
2023-02-01,3.982142857142857,3.909239285714286,1854.54,21.921,16.53713727891,20.7,3283159739927.952,47934.93750989827,6.793967067939626,4.025,8.5
2023-03-01,4.07258064516129,3.9995903225806453,1912.73,21.976,13.81207686229,18.7,3283159739927.952,47934.93750989827,6.793967067939626,4.025,8.5
2023-04-01,4.25,4.17742,1999.77,25.01,13.52052961513,15.78,3283159739927.952,47934.93750989827,6.793967067939626,4.025,8.5
2023-05-01,4.419354838709677,4.347164516129032,1992.13,24.267,10.10875599841,17.94,3283159739927.952,47934.93750989827,6.793967067939626,4.025,8.5
2023-06-01,4.65,4.578076666666666,1942.9,23.417,10.35062473915,13.59,3283159739927.952,47934.93750989827,6.793967067939626,4.025,8.5
2023-07-01,5.0,4.930164516129032,1951.02,24.256,9.54528398968,13.63,3283159739927.952,47934.93750989827,6.793967067939626,4.025,8.5
2023-08-01,5.0,5.167590322580645,1918.7,23.437,11.19194456369,13.57,3283159739927.952,47934.93750989827,6.793967067939626,4.025,8.5
2023-09-01,5.0,5.185433333333333,1915.95,23.101,11.54929514615,17.52,3283159739927.952,47934.93750989827,6.793967067939626,4.025,8.5
2023-10-01,5.0,5.187122580645162,1916.25,22.379,14.56950705657,18.14,3283159739927.952,47934.93750989827,6.793967067939626,4.025,8.5
2023-11-01,5.0,5.187543333333334,1984.11,23.488,14.48505487638,12.92,3283159739927.952,47934.93750989827,6.793967067939626,4.025,8.5
2023-12-01,5.0,5.186961290322581,2026.18,23.878,11.50665790666,12.45,3283159739927.952,47934.93750989827,6.793967067939626,4.025,8.5
2024-01-01,5.0,5.187574193548387,2034.04,22.916,9.55961355312,14.35,3320141995547.6167,47960.910576194154,3.271572946359201,4.361,8.5
2024-02-01,5.0,5.188313793103449,2023.24,22.657,8.14838086764,13.4,3320141995547.6167,47960.910576194154,3.271572946359201,4.361,8.5
2024-03-01,5.0,5.18931935483871,2158.01,24.518,8.55372632183,13.01,3320141995547.6167,47960.910576194154,3.271572946359201,4.361,8.5
2024-04-01,5.0,5.197823333333333,2331.45,27.494,9.08511900567,15.65,3320141995547.6167,47960.910576194154,3.271572946359201,4.361,8.5
2024-05-01,5.0,5.200009677419355,2351.13,29.36,10.12306554509,12.92,3320141995547.6167,47960.910576194154,3.271572946359201,4.361,8.5
2024-06-01,5.0,5.2,2326.44,29.577,10.86897789978,12.44,3320141995547.6167,47960.910576194154,3.271572946359201,4.361,8.5
2024-07-01,5.0,5.2,2398.2,29.773,10.34681932853,16.36,3320141995547.6167,47960.910576194154,3.271572946359201,4.361,8.5
2024-08-01,5.0,4.95,2470.15,28.53,12.37459819711,15.0,3320141995547.6167,47960.910576194154,3.271572946359201,4.361,8.5
2024-09-01,5.0,4.95,2570.55,30.131,11.7842591911,16.73,3320141995547.6167,47960.910576194154,3.271572946359201,4.361,8.5
2024-10-01,5.0,4.95,2690.08,32.416,12.92013302544,23.16,3320141995547.6167,47960.910576194154,3.271572946359201,4.361,8.5
2024-11-01,4.8,4.75,2651.13,31.094,13.92640045783,13.51,3320141995547.6167,47960.910576194154,3.271572946359201,4.361,8.5
2024-12-01,4.75,4.700009677419355,2648.01,30.764,13.85662099801,17.35,3320141995547.6167,47960.910576194154,3.271572946359201,4.361,8.5
2025-01-01,4.75,4.70018064516129,2709.69,30.411,14.66351159521,16.43,3320141995547.6167,47960.910576194154,3.271572946359201,4.746,8.5
2025-02-01,4.544642857142857,4.499003571428571,2894.73,32.152,15.34053214373,19.63,3320141995547.6167,47960.910576194154,3.271572946359201,4.746,8.5
2025-03-01,4.5,4.455438709677419,2983.25,33.188,13.23540689614,22.28,3320141995547.6167,47960.910576194154,3.271572946359201,4.746,8.5
2025-04-01,4.5,4.457893333333333,3217.64,32.225,11.59029271163,24.7,3320141995547.6167,47960.910576194154,3.271572946359201,4.746,8.5
2025-05-01,4.306451612903226,4.2668322580645155,3309.49,32.763,11.66346590514,18.57,3320141995547.6167,47960.910576194154,3.271572946359201,4.746,8.5
2025-06-01,4.25,4.214353333333333,3352.66,36.005,12.36749611794,16.73,3320141995547.6167,47960.910576194154,3.271572946359201,4.746,8.5
2025-07-01,4.25,4.217225806451613,3340.15,37.698,11.62054157322,16.72,3320141995547.6167,47960.910576194154,3.271572946359201,4.746,8.5
2025-08-01,4.048387096774194,4.015545161290323,3368.03,38.185,11.14799164024,15.36,3320141995547.6167,47960.910576194154,3.271572946359201,4.746,8.5
2025-09-01,4.0,3.9671466666666664,3667.68,42.816,11.11631534669,16.28,3320141995547.6167,47960.910576194154,3.271572946359201,4.746,8.5
2025-10-01,4.0,3.9681451612903227,4058.33,49.439,10.88817270675,17.44,3320141995547.6167,47960.910576194154,3.271572946359201,4.746,8.5
2025-11-01,3.8916666666666666,3.969253333333333,4087.19,50.432,10.42040288015,16.35,3320141995547.6167,47960.910576194154,3.271572946359201,4.746,8.5
2025-12-01,3.75,3.8613096774193547,4309.23,62.342,9.48260496782,14.95,3320141995547.6167,47960.910576194154,3.271572946359201,4.746,8.5
2026-01-01,3.75,3.724909090909091,4752.75,92.062,11.75574513439,,3320141995547.6167,47960.910576194154,3.271572946359201,4.746,8.5
