Fecha,PIB_growth,PIBpc_growth,Inflacion,Desempleo,Rating,VIX,Oro,Plata,Gas,OIS,y_regression,y_classification
2000-01-01,4.524380748109036,4.151580613827499,1.182956242104084,5.558,8.5,24.95,284.32,5.1882,3.36,5.175980645161291,5.922413793103448,Estable
2000-02-01,4.524380748109036,4.151580613827499,1.182956242104084,5.558,8.5,23.37,299.86,5.2467,3.46,5.854310344827587,6.0,Estable
2000-03-01,4.524380748109036,4.151580613827499,1.182956242104084,5.558,8.5,24.11,286.39,5.0649,3.51,5.761209677419354,6.0,Estable
2000-04-01,4.524380748109036,4.151580613827499,1.182956242104084,5.558,8.5,26.2,279.69,5.0645,3.68,5.9317,6.0,Estable
2000-05-01,4.524380748109036,4.151580613827499,1.182956242104084,5.558,8.5,23.65,275.19,4.9796,3.55,5.904487096774194,6.0,Estable
2000-06-01,4.524380748109036,4.151580613827499,1.182956242104084,5.558,8.5,19.54,285.73,4.9976,3.6,5.903099999999999,6.0,Estable
2000-07-01,4.524380748109036,4.151580613827499,1.182956242104084,5.558,8.5,20.74,281.59,4.9692,3.96,5.912148387096774,6.0,Estable
2000-08-01,4.524380748109036,4.151580613827499,1.182956242104084,5.558,8.5,16.84,274.47,4.8864,4.01,5.933064516129033,6.0,Estable
2000-09-01,4.524380748109036,4.151580613827499,1.182956242104084,5.558,8.5,20.57,273.68,4.8904,4.03,6.07777,6.0,Estable
2000-10-01,4.524380748109036,4.151580613827499,1.182956242104084,5.558,8.5,23.63,270.0,4.8302,4.31,5.791722580645161,6.0,Estable
2000-11-01,4.524380748109036,4.151580613827499,1.182956242104084,5.558,8.5,29.65,266.01,4.6814,4.39,5.972963333333333,6.0,Estable
2000-12-01,4.524380748109036,4.151580613827499,1.182956242104084,5.558,8.5,26.85,271.45,4.6398,4.44,5.711093548387097,6.0,Estable
2001-01-01,2.3910222960282335,1.9975992432020862,1.532349602724177,4.696,8.5,22.02,265.49,4.6571,4.65,5.8424903225806455,5.8125,Baja
2001-02-01,2.3910222960282335,1.9975992432020862,1.532349602724177,4.696,8.5,28.35,261.87,4.5574,4.59,5.814035714285715,5.75,Estable
2001-03-01,2.3910222960282335,1.9975992432020862,1.532349602724177,4.696,8.5,28.64,263.03,4.404,4.57,5.349267741935484,5.533333333333333,Baja
2001-04-01,2.3910222960282335,1.9975992432020862,1.532349602724177,4.696,8.5,25.48,260.48,4.365,4.48,5.108779999999999,5.32258064516129,Baja
2001-05-01,2.3910222960282335,1.9975992432020862,1.532349602724177,4.696,8.5,22.64,272.36,4.4333,4.36,5.491793548387097,5.25,Estable
2001-06-01,2.3910222960282335,1.9975992432020862,1.532349602724177,4.696,8.5,19.06,270.23,4.3738,4.33,4.753493333333334,5.25,Estable
2001-07-01,2.3910222960282335,1.9975992432020862,1.532349602724177,4.696,8.5,21.62,267.53,4.2543,3.75,5.163477419354839,5.008064516129032,Baja
2001-08-01,2.3910222960282335,1.9975992432020862,1.532349602724177,4.696,8.5,24.92,272.39,4.2208,3.79,4.851306451612904,5.0,Estable
2001-09-01,2.3910222960282335,1.9975992432020862,1.532349602724177,4.696,8.5,31.93,283.42,4.353,3.79,4.788406666666666,4.548387096774194,Baja
2001-10-01,2.3910222960282335,1.9975992432020862,1.532349602724177,4.696,8.5,33.56,283.06,4.4012,3.52,4.579141935483871,4.116666666666666,Baja
2001-11-01,2.3910222960282335,1.9975992432020862,1.532349602724177,4.696,8.5,23.84,276.16,4.1226,3.46,3.59957,4.0,Estable
2001-12-01,2.3910222960282335,1.9975992432020862,1.532349602724177,4.696,8.5,23.8,275.85,4.3695,3.4,4.553238709677419,4.0,Estable
2002-01-01,1.7090273625856467,1.2793654372253993,1.52040245947455,5.037,8.5,21.09,281.51,4.5149,3.06,3.7378612903225807,4.0,Estable
2002-02-01,1.7090273625856467,1.2793654372253993,1.52040245947455,5.037,8.5,21.59,295.5,4.4232,3.03,4.000560714285714,4.0,Estable
2002-03-01,1.7090273625856467,1.2793654372253993,1.52040245947455,5.037,8.5,17.4,294.06,4.5393,2.97,3.9782225806451614,4.0,Estable
2002-04-01,1.7090273625856467,1.2793654372253993,1.52040245947455,5.037,8.5,21.91,302.68,4.5757,2.81,3.6855566666666655,4.0,Estable
2002-05-01,1.7090273625856467,1.2793654372253993,1.52040245947455,5.037,8.5,19.98,314.49,4.6992,2.83,3.901967741935484,4.0,Estable
2002-06-01,1.7090273625856467,1.2793654372253993,1.52040245947455,5.037,8.5,25.4,321.18,4.9044,2.9,3.522186666666667,4.0,Estable
2002-07-01,1.7090273625856467,1.2793654372253993,1.52040245947455,5.037,8.5,32.03,313.29,4.9186,2.95,3.746958064516129,4.0,Estable
2002-08-01,1.7090273625856467,1.2793654372253993,1.52040245947455,5.037,8.5,32.64,310.26,4.5403,3.01,4.133470967741936,4.0,Estable
2002-09-01,1.7090273625856467,1.2793654372253993,1.52040245947455,5.037,8.5,39.69,319.14,4.5536,3.08,3.770506666666667,4.0,Estable
2002-10-01,1.7090273625856467,1.2793654372253993,1.52040245947455,5.037,8.5,31.14,316.56,4.4013,3.28,4.0523612903225805,4.0,Estable
2002-11-01,1.7090273625856467,1.2793654372253993,1.52040245947455,5.037,8.5,27.5,319.07,4.5108,3.34,3.6442133333333335,4.0,Estable
2002-12-01,1.7090273625856467,1.2793654372253993,1.52040245947455,5.037,8.5,28.62,331.92,4.6313,3.36,4.331099999999999,4.0,Estable
2003-01-01,3.2185161266961693,2.7390055443689443,1.37650038542013,4.807,8.5,31.17,356.859,4.8062,3.61,3.8118838709677423,3.794642857142857,Baja
2003-02-01,3.2185161266961693,2.7390055443689443,1.37650038542013,4.807,8.5,29.63,358.97,4.6551,3.67,3.686821428571428,3.75,Estable
2003-03-01,3.2185161266961693,2.7390055443689443,1.37650038542013,4.807,8.5,29.15,340.55,4.5283,3.74,3.77908064516129,3.75,Estable
2003-04-01,3.2185161266961693,2.7390055443689443,1.37650038542013,4.807,8.5,21.21,328.18,4.4932,4.03,3.50973,3.75,Estable
2003-05-01,3.2185161266961693,2.7390055443689443,1.37650038542013,4.807,8.5,19.47,355.683,4.7413,4.04,3.6145193548387096,3.75,Estable
2003-06-01,3.2185161266961693,2.7390055443689443,1.37650038542013,4.807,8.5,19.52,356.352,4.5262,4.05,3.6673066666666663,3.572580645161291,Baja
2003-07-01,3.2185161266961693,2.7390055443689443,1.37650038542013,4.807,8.5,19.49,351.02,4.797,4.04,3.197509677419355,3.5000000000000004,Estable
2003-08-01,3.2185161266961693,2.7390055443689443,1.37650038542013,4.807,8.5,18.63,359.768,4.9893,3.98,3.408535483870968,3.5000000000000004,Estable
2003-09-01,3.2185161266961693,2.7390055443689443,1.37650038542013,4.807,8.5,22.72,378.945,5.1708,3.97,3.51023,3.5000000000000004,Estable
2003-10-01,3.2185161266961693,2.7390055443689443,1.37650038542013,4.807,8.5,16.1,378.92,5.0022,3.88,3.368312903225806,3.7083333333333335,Sube
2003-11-01,3.2185161266961693,2.7390055443689443,1.37650038542013,4.807,8.5,16.32,389.91,5.1777,3.9,3.59075,3.75,Estable
2003-12-01,3.2185161266961693,2.7390055443689443,1.37650038542013,4.807,8.5,18.31,406.953,5.6276,3.97,3.733470967741936,3.75,Estable
2004-01-01,2.3260185332599104,1.7454946887385026,1.390397566804219,4.594,8.5,16.63,413.788,6.3005,3.87,3.6369451612903223,3.9655172413793114,Sube
2004-02-01,2.3260185332599104,1.7454946887385026,1.390397566804219,4.594,8.5,14.55,404.878,6.4406,3.89,4.038710344827586,4.0,Estable
2004-03-01,2.3260185332599104,1.7454946887385026,1.390397566804219,4.594,8.5,16.74,406.667,7.2254,3.86,3.918667741935484,4.0,Estable
2004-04-01,2.3260185332599104,1.7454946887385026,1.390397566804219,4.594,8.5,17.19,403.26,7.1486,3.92,3.85075,4.209677419354839,Sube
2004-05-01,2.3260185332599104,1.7454946887385026,1.390397566804219,4.594,8.5,15.5,383.779,5.8674,3.95,4.21168064516129,4.425,Sube
2004-06-01,2.3260185332599104,1.7454946887385026,1.390397566804219,4.594,8.5,14.34,392.373,5.8618,4.01,4.347040000000001,4.5,Estable
2004-07-01,2.3260185332599104,1.7454946887385026,1.390397566804219,4.594,8.5,15.32,398.091,6.3141,4.28,4.446093548387097,4.717741935483871,Sube
2004-08-01,2.3260185332599104,1.7454946887385026,1.390397566804219,4.594,8.5,15.29,400.51,6.66,4.34,4.645487096774193,4.75,Estable
2004-09-01,2.3260185332599104,1.7454946887385026,1.390397566804219,4.594,8.5,13.34,405.275,6.4034,4.41,4.723436666666667,4.75,Estable
2004-10-01,2.3260185332599104,1.7454946887385026,1.390397566804219,4.594,8.5,16.27,420.464,7.095,4.83,4.718764516129032,4.75,Estable
2004-11-01,2.3260185332599104,1.7454946887385026,1.390397566804219,4.594,8.5,13.24,439.375,7.4926,4.96,4.76578,4.75,Estable
2004-12-01,2.3260185332599104,1.7454946887385026,1.390397566804219,4.594,8.5,13.29,442.079,7.085,5.01,4.773606451612903,4.75,Estable
2005-01-01,2.790654717468821,2.087299880722937,2.089136490250696,4.884,8.5,12.82,424.03,6.619,5.46,4.748896774193549,4.75,Estable
2005-02-01,2.790654717468821,2.087299880722937,2.089136490250696,4.884,8.5,12.08,423.35,7.03,5.49,4.803367857142858,4.75,Estable
2005-03-01,2.790654717468821,2.087299880722937,2.089136490250696,4.884,8.5,14.02,433.85,7.2282,5.52,4.720370967741935,4.75,Estable
2005-04-01,2.790654717468821,2.087299880722937,2.089136490250696,4.884,8.5,15.31,429.233,7.1188,5.86,4.804163333333333,4.75,Estable
2005-05-01,2.790654717468821,2.087299880722937,2.089136490250696,4.884,8.5,13.29,421.873,7.0224,5.89,4.694883870967742,4.75,Estable
2005-06-01,2.790654717468821,2.087299880722937,2.089136490250696,4.884,8.5,12.04,430.657,7.3105,5.91,4.776583333333334,4.75,Estable
2005-07-01,2.790654717468821,2.087299880722937,2.089136490250696,4.884,8.5,11.57,424.479,7.0145,6.42,4.754564516129032,4.524193548387097,Baja
2005-08-01,2.790654717468821,2.087299880722937,2.089136490250696,4.884,8.5,12.6,437.93,7.0334,6.56,4.56788064516129,4.5,Estable
2005-09-01,2.790654717468821,2.087299880722937,2.089136490250696,4.884,8.5,11.92,456.048,7.1536,6.58,4.561913333333334,4.5,Estable
2005-10-01,2.790654717468821,2.087299880722937,2.089136490250696,4.884,8.5,15.32,469.898,7.6705,7.28,4.438025806451613,4.5,Estable
2005-11-01,2.790654717468821,2.087299880722937,2.089136490250696,4.884,8.5,12.06,476.666,7.8725,7.46,4.531286666666667,4.5,Estable
2005-12-01,2.790654717468821,2.087299880722937,2.089136490250696,4.884,8.5,12.07,510.097,8.627,7.49,4.636929032258064,4.5,Estable
2006-01-01,2.1898213241570375,1.4414302818717806,2.455661664392905,5.472,8.5,12.95,549.864,9.1391,7.96,4.484187096774194,4.5,Estable
2006-02-01,2.1898213241570375,1.4414302818717806,2.455661664392905,5.472,8.5,12.34,554.995,9.5349,7.95,4.409471428571428,4.5,Estable
2006-03-01,2.1898213241570375,1.4414302818717806,2.455661664392905,5.472,8.5,11.39,557.093,10.3838,7.99,4.559925806451613,4.5,Estable
2006-04-01,2.1898213241570375,1.4414302818717806,2.455661664392905,5.472,8.5,11.59,610.653,12.6144,8.24,4.477306666666666,4.5,Estable
2006-05-01,2.1898213241570375,1.4414302818717806,2.455661664392905,5.472,8.5,16.44,675.393,13.3772,8.28,4.517835483870967,4.5,Estable
2006-06-01,2.1898213241570375,1.4414302818717806,2.455661664392905,5.472,8.5,13.08,596.145,10.7964,8.29,4.570196666666666,4.5,Estable
2006-07-01,2.1898213241570375,1.4414302818717806,2.455661664392905,5.472,8.5,14.95,633.71,11.2324,8.58,4.554377419354839,4.733870967741935,Sube
2006-08-01,2.1898213241570375,1.4414302818717806,2.455661664392905,5.472,8.5,12.31,632.593,12.1874,8.71,4.809503225806452,4.75,Estable
2006-09-01,2.1898213241570375,1.4414302818717806,2.455661664392905,5.472,8.5,11.98,598.186,11.6769,8.77,4.793783333333334,4.75,Estable
2006-10-01,2.1898213241570375,1.4414302818717806,2.455661664392905,5.472,8.5,11.1,585.78,11.5586,8.97,4.825861290322581,4.933333333333334,Sube
2006-11-01,2.1898213241570375,1.4414302818717806,2.455661664392905,5.472,8.5,10.91,627.827,12.9311,8.99,5.00012,5.0,Estable
2006-12-01,2.1898213241570375,1.4414302818717806,2.455661664392905,5.472,8.5,11.56,629.791,13.2786,8.92,5.091487096774193,5.169354838709677,Sube
2007-01-01,2.930911335823505,2.1325355846651517,2.386561507733271,5.399,8.5,10.42,631.166,12.8413,8.59,5.228148387096774,5.25,Estable
2007-02-01,2.930911335823505,2.1325355846651517,2.386561507733271,5.399,8.5,15.42,664.745,13.91,8.56,5.318603571428571,5.25,Estable
2007-03-01,2.930911335823505,2.1325355846651517,2.386561507733271,5.399,8.5,14.64,654.895,13.1843,8.37,5.304148387096774,5.25,Estable
2007-04-01,2.930911335823505,2.1325355846651517,2.386561507733271,5.399,8.5,14.22,679.368,13.7233,8.0,5.2987866666666665,5.42741935483871,Sube
2007-05-01,2.930911335823505,2.1325355846651517,2.386561507733271,5.399,8.5,13.05,667.31,13.1478,7.98,5.476232258064516,5.5,Estable
2007-06-01,2.930911335823505,2.1325355846651517,2.386561507733271,5.399,8.5,16.23,655.66,13.1443,8.03,5.62285,5.717741935483871,Sube
2007-07-01,2.930911335823505,2.1325355846651517,2.386561507733271,5.399,8.5,23.52,665.38,12.9093,8.13,5.850345161290323,5.75,Estable
2007-08-01,2.930911335823505,2.1325355846651517,2.386561507733271,5.399,8.5,23.38,665.411,12.3343,8.34,5.938167741935484,5.75,Estable
2007-09-01,2.930911335823505,2.1325355846651517,2.386561507733271,5.399,8.5,18.0,712.653,12.8335,8.54,5.8432933333333335,5.75,Estable
2007-10-01,2.930911335823505,2.1325355846651517,2.386561507733271,5.399,8.5,18.53,754.604,13.6704,9.16,5.775677419354839,5.75,Estable
2007-11-01,2.930911335823505,2.1325355846651517,2.386561507733271,5.399,8.5,22.87,806.248,14.7016,9.47,5.787263333333333,5.540322580645161,Baja
2007-12-01,2.930911335823505,2.1325355846651517,2.386561507733271,5.399,8.5,22.5,803.203,14.3036,9.49,5.58368064516129,5.5,Estable
2008-01-01,-0.0494116727402516,-0.8329679427609094,3.521408563425387,5.748,8.5,26.2,889.595,15.9089,10.7,5.516977419354839,5.301724137931035,Baja
2008-02-01,-0.0494116727402516,-0.8329679427609094,3.521408563425387,5.748,8.5,26.54,922.298,17.569,10.84,5.335206896551724,5.25,Estable
2008-03-01,-0.0494116727402516,-0.8329679427609094,3.521408563425387,5.748,8.5,25.61,968.434,19.3174,11.04,5.2966612903225805,5.075,Baja
2008-04-01,-0.0494116727402516,-0.8329679427609094,3.521408563425387,5.748,8.5,20.79,909.705,17.5,12.19,5.073163333333333,5.0,Estable
2008-05-01,-0.0494116727402516,-0.8329679427609094,3.521408563425387,5.748,8.5,17.83,888.663,17.06,12.38,5.032603225806452,5.0,Estable
2008-06-01,-0.0494116727402516,-0.8329679427609094,3.521408563425387,5.748,8.5,23.95,889.488,16.969,12.63,5.030353333333333,5.0,Estable
2008-07-01,-0.0494116727402516,-0.8329679427609094,3.521408563425387,5.748,8.5,22.94,939.772,18.0339,14.37,5.010735483870968,5.0,Estable
2008-08-01,-0.0494116727402516,-0.8329679427609094,3.521408563425387,5.748,8.5,20.65,839.025,14.635,14.64,4.998687096774194,5.0,Estable
2008-09-01,-0.0494116727402516,-0.8329679427609094,3.521408563425387,5.748,8.5,39.39,829.932,12.373,14.85,4.87212,4.612903225806452,Baja
2008-10-01,-0.0494116727402516,-0.8329679427609094,3.521408563425387,5.748,8.5,59.89,806.62,10.4413,15.93,4.428848387096774,3.25,Baja
2008-11-01,-0.0494116727402516,-0.8329679427609094,3.521408563425387,5.748,8.5,55.28,760.863,9.8652,15.81,2.8235433333333333,2.096774193548387,Baja
2008-12-01,-0.0494116727402516,-0.8329679427609094,3.521408563425387,5.748,8.5,40.0,816.092,10.2857,15.5,1.6018645161290324,1.6129032258064515,Baja
2009-01-01,-4.587408192263243,-5.306377777637805,1.961731735601091,7.683,8.5,44.84,858.69,11.2682,13.89,1.3363387096774193,1.0714285714285714,Baja
2009-02-01,-4.587408192263243,-5.306377777637805,1.961731735601091,7.683,8.5,46.35,943.0,13.4125,11.04,0.8955928571428571,0.5645161290322581,Baja
2009-03-01,-4.587408192263243,-5.306377777637805,1.961731735601091,7.683,8.5,44.14,924.273,13.1168,10.9,0.5192967741935485,0.5,Estable
2009-04-01,-4.587408192263243,-5.306377777637805,1.961731735601091,7.683,8.5,36.5,890.2,12.4793,8.51,0.4088233333333333,0.5,Estable
2009-05-01,-4.587408192263243,-5.306377777637805,1.961731735601091,7.683,8.5,28.92,928.645,13.9838,8.09,0.4157709677419354,0.5,Estable
2009-06-01,-4.587408192263243,-5.306377777637805,1.961731735601091,7.683,8.5,26.35,945.67,14.6543,7.95,0.41605,0.5,Estable
2009-07-01,-4.587408192263243,-5.306377777637805,1.961731735601091,7.683,8.5,25.92,934.228,13.3617,6.67,0.4185193548387096,0.5,Estable
2009-08-01,-4.587408192263243,-5.306377777637805,1.961731735601091,7.683,8.5,26.01,949.375,14.3567,6.92,0.4229741935483871,0.5,Estable
2009-09-01,-4.587408192263243,-5.306377777637805,1.961731735601091,7.683,8.5,25.61,996.591,16.3895,7.13,0.43091,0.5,Estable
2009-10-01,-4.587408192263243,-5.306377777637805,1.961731735601091,7.683,8.5,30.69,1043.159,17.2361,7.6,0.4477806451612903,0.5,Estable
2009-11-01,-4.587408192263243,-5.306377777637805,1.961731735601091,7.683,8.5,24.51,1127.036,17.8213,7.81,0.4509133333333333,0.5,Estable
2009-12-01,-4.587408192263243,-5.306377777637805,1.961731735601091,7.683,8.5,21.68,1134.724,17.6422,8.01,0.4497741935483871,0.5,Estable
2010-01-01,2.260544609315862,1.4620694768097353,2.492654724670655,7.973,8.5,24.62,1117.963,17.749,8.8,0.4541870967741935,0.5,Estable
2010-02-01,2.260544609315862,1.4620694768097353,2.492654724670655,7.973,8.5,19.5,1095.413,15.873,8.8,0.4677892857142857,0.5,Estable
2010-03-01,2.260544609315862,1.4620694768097353,2.492654724670655,7.973,8.5,17.59,1113.337,17.1061,8.93,0.4715096774193548,0.5,Estable
2010-04-01,2.260544609315862,1.4620694768097353,2.492654724670655,7.973,8.5,22.05,1148.688,18.0623,7.52,0.4725233333333333,0.5,Estable
2010-05-01,2.260544609315862,1.4620694768097353,2.492654724670655,7.973,8.5,32.07,1205.434,18.4333,7.27,0.4842838709677419,0.5,Estable
2010-06-01,2.260544609315862,1.4620694768097353,2.492654724670655,7.973,8.5,34.54,1232.92,18.4548,7.74,0.4868766666666666,0.5,Estable
2010-07-01,2.260544609315862,1.4620694768097353,2.492654724670655,7.973,8.5,23.5,1192.966,17.9605,8.04,0.4897806451612903,0.5,Estable
2010-08-01,2.260544609315862,1.4620694768097353,2.492654724670655,7.973,8.5,26.05,1215.81,18.3877,8.45,0.4916612903225806,0.5,Estable
2010-09-01,2.260544609315862,1.4620694768097353,2.492654724670655,7.973,8.5,23.7,1270.977,20.5498,8.28,0.5012566666666667,0.5,Estable
2010-10-01,2.260544609315862,1.4620694768097353,2.492654724670655,7.973,8.5,21.2,1342.024,23.3933,8.29,0.5094741935483871,0.5,Estable
2010-11-01,2.260544609315862,1.4620694768097353,2.492654724670655,7.973,8.5,23.54,1369.886,26.5409,8.59,0.5089366666666667,0.5,Estable
2010-12-01,2.260544609315862,1.4620694768097353,2.492654724670655,7.973,8.5,17.75,1390.553,29.3248,8.74,0.5171387096774194,0.5,Estable
2011-01-01,0.851437739020322,0.06634889119987442,3.8561124468282,8.195,8.5,19.53,1360.46,28.5086,9.61,0.5094258064516128,0.5,Estable
2011-02-01,0.851437739020322,0.06634889119987442,3.8561124468282,8.195,8.5,18.35,1374.68,30.7785,9.36,0.5092642857142857,0.5,Estable
2011-03-01,0.851437739020322,0.06634889119987442,3.8561124468282,8.195,8.5,17.74,1423.26,35.8135,9.37,0.515758064516129,0.5,Estable
2011-04-01,0.851437739020322,0.06634889119987442,3.8561124468282,8.195,8.5,14.75,1480.89,42.6952,10.36,0.5265633333333334,0.5,Estable
2011-05-01,0.851437739020322,0.06634889119987442,3.8561124468282,8.195,8.5,15.45,1512.58,37.3359,10.3,0.5227903225806451,0.5,Estable
2011-06-01,0.851437739020322,0.06634889119987442,3.8561124468282,8.195,8.5,16.52,1529.36,35.795,10.26,0.5292600000000001,0.5,Estable
2011-07-01,0.851437739020322,0.06634889119987442,3.8561124468282,8.195,8.5,25.25,1572.75,37.9171,10.99,0.5248516129032258,0.5,Estable
2011-08-01,0.851437739020322,0.06634889119987442,3.8561124468282,8.195,8.5,31.62,1759.01,40.3313,10.81,0.538132258064516,0.5,Estable
2011-09-01,0.851437739020322,0.06634889119987442,3.8561124468282,8.195,8.5,42.96,1772.14,38.1545,10.85,0.54569,0.5,Estable
2011-10-01,0.851437739020322,0.06634889119987442,3.8561124468282,8.195,8.5,29.96,1666.43,31.9748,11.42,0.5407967741935484,0.5,Estable
2011-11-01,0.851437739020322,0.06634889119987442,3.8561124468282,8.195,8.5,27.8,1739.0,33.0818,11.32,0.53369,0.5,Estable
2011-12-01,0.851437739020322,0.06634889119987442,3.8561124468282,8.195,8.5,23.4,1639.97,30.3032,11.53,0.5170935483870969,0.5,Estable
2012-01-01,1.528260347218513,0.8076616429695038,2.573234796545302,8.279,8.5,19.44,1654.05,30.6509,11.45,0.5127129032258064,0.5,Estable
2012-02-01,1.528260347218513,0.8076616429695038,2.573234796545302,8.279,8.5,18.43,1744.82,34.1405,11.12,0.4986620689655172,0.5,Estable
2012-03-01,1.528260347218513,0.8076616429695038,2.573234796545302,8.279,8.5,15.5,1675.95,32.9532,11.97,0.4891483870967741,0.5,Estable
2012-04-01,1.528260347218513,0.8076616429695038,2.573234796545302,8.279,8.5,17.15,1649.2,31.5255,11.42,0.4854266666666666,0.5,Estable
2012-05-01,1.528260347218513,0.8076616429695038,2.573234796545302,8.279,8.5,24.06,1589.04,28.7196,11.64,0.4841064516129031,0.5,Estable
2012-06-01,1.528260347218513,0.8076616429695038,2.573234796545302,8.279,8.5,17.08,1598.76,27.9836,11.49,0.48566,0.5,Estable
2012-07-01,1.528260347218513,0.8076616429695038,2.573234796545302,8.279,8.5,18.93,1594.29,27.4318,11.13,0.4645354838709677,0.5,Estable
2012-08-01,1.528260347218513,0.8076616429695038,2.573234796545302,8.279,8.5,17.47,1630.31,28.8002,11.18,0.4493967741935484,0.5,Estable
2012-09-01,1.528260347218513,0.8076616429695038,2.573234796545302,8.279,8.5,15.73,1744.81,33.6085,11.08,0.4245333333333334,0.5,Estable
2012-10-01,1.528260347218513,0.8076616429695038,2.573234796545302,8.279,8.5,18.6,1746.58,33.1874,11.58,0.4343129032258065,0.5,Estable
2012-11-01,1.528260347218513,0.8076616429695038,2.573234796545302,8.279,8.5,15.87,1721.64,32.7732,11.83,0.4265366666666666,0.5,Estable
2012-12-01,1.528260347218513,0.8076616429695038,2.573234796545302,8.279,8.5,18.02,1684.762,31.8745,11.79,0.4320516129032258,0.5,Estable
2013-01-01,1.718469613084661,1.0397015469407966,2.291666666666594,7.752,8.5,14.28,1671.84782608696,31.06173913043,11.87,0.4101451612903226,0.5,Estable
2013-02-01,1.718469613084661,1.0397015469407966,2.291666666666594,7.752,8.5,15.51,1627.57,30.3288,11.77,0.4257535714285714,0.5,Estable
2013-03-01,1.718469613084661,1.0397015469407966,2.291666666666594,7.752,8.5,12.7,1593.08619047619,28.79095238095,11.87,0.4334290322580645,0.5,Estable
2013-04-01,1.718469613084661,1.0397015469407966,2.291666666666594,7.752,8.5,13.52,1487.85727272727,25.355,12.88,0.4394566666666666,0.5,Estable
2013-05-01,1.718469613084661,1.0397015469407966,2.291666666666594,7.752,8.5,16.3,1414.02695652174,23.03826086957,12.29,0.4331806451612903,0.5,Estable
2013-06-01,1.718469613084661,1.0397015469407966,2.291666666666594,7.752,8.5,16.86,1343.35,21.109,11.92,0.4229133333333333,0.5,Estable
2013-07-01,1.718469613084661,1.0397015469407966,2.291666666666594,7.752,8.5,13.45,1285.51565217391,19.7102173913,11.6,0.4302290322580645,0.5,Estable
2013-08-01,1.718469613084661,1.0397015469407966,2.291666666666594,7.752,8.5,17.01,1351.74181818182,21.89386363636,11.64,0.4263096774193548,0.5,Estable
2013-09-01,1.718469613084661,1.0397015469407966,2.291666666666594,7.752,8.5,16.6,1348.6,22.5638,11.25,0.4291266666666666,0.5,Estable
2013-10-01,1.718469613084661,1.0397015469407966,2.291666666666594,7.752,8.5,13.75,1316.58,21.917,11.37,0.4312967741935484,0.5,Estable
2013-11-01,1.718469613084661,1.0397015469407966,2.291666666666594,7.752,8.5,13.7,1275.86,20.7576,11.42,0.4291766666666666,0.5,Estable
2013-12-01,1.718469613084661,1.0397015469407966,2.291666666666594,7.752,8.5,13.72,1221.5119047619,19.67,11.55,0.4227,0.5,Estable
2014-01-01,3.160173514681497,2.3922991188201292,1.451120162932792,6.398,8.5,18.41,1244.27,19.875,11.59,0.4241903225806452,0.5,Estable
2014-02-01,3.160173514681497,2.3922991188201292,1.451120162932792,6.398,8.5,14.0,1299.58,20.845,11.3,0.4194964285714285,0.5,Estable
2014-03-01,3.160173514681497,2.3922991188201292,1.451120162932792,6.398,8.5,13.88,1336.08,20.716,10.88,0.4149387096774194,0.5,Estable
2014-04-01,3.160173514681497,2.3922991188201292,1.451120162932792,6.398,8.5,13.41,1298.45,19.736,10.73,0.4221866666666666,0.5,Estable
2014-05-01,3.160173514681497,2.3922991188201292,1.451120162932792,6.398,8.5,11.4,1288.74,19.342,10.2,0.4233193548387096,0.5,Estable
2014-06-01,3.160173514681497,2.3922991188201292,1.451120162932792,6.398,8.5,11.57,1279.1,19.892,9.77,0.4276266666666666,0.5,Estable
2014-07-01,3.160173514681497,2.3922991188201292,1.451120162932792,6.398,8.5,16.95,1310.59,20.923,9.27,0.4275387096774193,0.5,Estable
2014-08-01,3.160173514681497,2.3922991188201292,1.451120162932792,6.398,8.5,12.09,1295.13,19.736,9.14,0.4208064516129032,0.5,Estable
2014-09-01,3.160173514681497,2.3922991188201292,1.451120162932792,6.398,8.5,16.31,1236.55,18.369,9.24,0.4324933333333333,0.5,Estable
2014-10-01,3.160173514681497,2.3922991188201292,1.451120162932792,6.398,8.5,14.03,1222.49,17.163,9.77,0.4304838709677419,0.5,Estable
2014-11-01,3.160173514681497,2.3922991188201292,1.451120162932792,6.398,8.5,13.33,1175.33,15.966,8.9,0.4310133333333333,0.5,Estable
2014-12-01,3.160173514681497,2.3922991188201292,1.451120162932792,6.398,8.5,19.2,1200.62,16.295,9.83,0.4289612903225807,0.5,Estable
2015-01-01,2.1404056003337057,1.405988967145455,0.3680468423253604,5.552,8.5,20.97,1250.75,17.236,9.25,0.4327870967741935,0.5,Estable
2015-02-01,2.1404056003337057,1.405988967145455,0.3680468423253604,5.552,8.5,13.34,1227.08,16.787,8.27,0.4498214285714285,0.5,Estable
2015-03-01,2.1404056003337057,1.405988967145455,0.3680468423253604,5.552,8.5,15.29,1178.63,16.24,8.27,0.4568387096774193,0.5,Estable
2015-04-01,2.1404056003337057,1.405988967145455,0.3680468423253604,5.552,8.5,14.55,1198.93,16.341,6.77444566675,0.4574433333333333,0.5,Estable
2015-05-01,2.1404056003337057,1.405988967145455,0.3680468423253604,5.552,8.5,13.84,1198.63,16.833,6.68399731108,0.4618064516129032,0.5,Estable
2015-06-01,2.1404056003337057,1.405988967145455,0.3680468423253604,5.552,8.5,18.23,1181.5,16.075,6.66672592954,0.4571966666666666,0.5,Estable
2015-07-01,2.1404056003337057,1.405988967145455,0.3680468423253604,5.552,8.5,12.12,1128.31,15.053,6.69403713465,0.454858064516129,0.5,Estable
2015-08-01,2.1404056003337057,1.405988967145455,0.3680468423253604,5.552,8.5,28.43,1117.93,14.941,6.34573758328,0.4582838709677419,0.5,Estable
2015-09-01,2.1404056003337057,1.405988967145455,0.3680468423253604,5.552,8.5,24.5,1124.77,14.75,6.27869866034,0.4554966666666666,0.5,Estable
2015-10-01,2.1404056003337057,1.405988967145455,0.3680468423253604,5.552,8.5,15.07,1159.25,15.813,6.0269578206,0.461841935483871,0.5,Estable
2015-11-01,2.1404056003337057,1.405988967145455,0.3680468423253604,5.552,8.5,16.13,1086.44,14.452,5.50083385123,0.4635999999999999,0.5,Estable
2015-12-01,2.1404056003337057,1.405988967145455,0.3680468423253604,5.552,8.5,18.21,1075.74,14.127,5.09276298262,0.4591387096774194,0.5,Estable
2016-01-01,2.2065202063535683,1.3979908727901114,1.008417368114095,4.909,8.5,20.2,1097.91,14.106,4.39818627541,0.4540064516129032,0.5,Estable
2016-02-01,2.2065202063535683,1.3979908727901114,1.008417368114095,4.909,8.5,20.55,1199.5,15.167,3.96837858928,0.4661758620689655,0.5,Estable
2016-03-01,2.2065202063535683,1.3979908727901114,1.008417368114095,4.909,8.5,13.95,1245.14,15.465,3.9101802431,0.4660548387096774,0.5,Estable
2016-04-01,2.2065202063535683,1.3979908727901114,1.008417368114095,4.909,8.5,15.7,1242.26,16.36,3.97007508979,0.4666499999999999,0.5,Estable
2016-05-01,2.2065202063535683,1.3979908727901114,1.008417368114095,4.909,8.5,14.19,1260.95,16.947,4.32919186506,0.4630451612903226,0.5,Estable
2016-06-01,2.2065202063535683,1.3979908727901114,1.008417368114095,4.909,8.5,15.63,1276.4,17.286,4.75572046689,0.4601699999999999,0.5,Estable
2016-07-01,2.2065202063535683,1.3979908727901114,1.008417368114095,4.909,8.5,11.87,1336.66,19.992,4.67473769135,0.4589387096774193,0.2741935483870967,Baja
2016-08-01,2.2065202063535683,1.3979908727901114,1.008417368114095,4.909,8.5,13.42,1340.17,19.587,4.0474899302,0.237958064516129,0.25,Estable
2016-09-01,2.2065202063535683,1.3979908727901114,1.008417368114095,4.909,8.5,13.29,1326.61,19.357,4.25361416995,0.2137066666666666,0.25,Estable
2016-10-01,2.2065202063535683,1.3979908727901114,1.008417368114095,4.909,8.5,17.06,1266.55,17.655,5.33681888345,0.2086064516129032,0.25,Estable
2016-11-01,2.2065202063535683,1.3979908727901114,1.008417368114095,4.909,8.5,13.33,1238.35,17.407,5.69317950115,0.21108,0.25,Estable
2016-12-01,2.2065202063535683,1.3979908727901114,1.008417368114095,4.909,8.5,14.04,1157.36,16.432,5.4235014224,0.2113774193548387,0.25,Estable
2017-01-01,3.023222198403386,2.4625494765584177,2.557755775577473,4.501,8.5,11.99,1192.1,16.902,6.1443492548,0.2121612903225806,0.25,Estable
2017-02-01,3.023222198403386,2.4625494765584177,2.557755775577473,4.501,8.5,12.92,1234.2,17.933,6.0515836448,0.2108464285714286,0.25,Estable
2017-03-01,3.023222198403386,2.4625494765584177,2.557755775577473,4.501,8.5,12.37,1231.42,17.631,5.00094507654,0.2100322580645161,0.25,Estable
2017-04-01,3.023222198403386,2.4625494765584177,2.557755775577473,4.501,8.5,10.82,1266.88,18.033,5.0109139183,0.20895,0.25,Estable
2017-05-01,3.023222198403386,2.4625494765584177,2.557755775577473,4.501,8.5,10.41,1246.04,16.745,5.05843597847,0.2128322580645161,0.25,Estable
2017-06-01,3.023222198403386,2.4625494765584177,2.557755775577473,4.501,8.5,11.18,1260.26,16.931,4.88676678563,0.2123666666666666,0.25,Estable
2017-07-01,3.023222198403386,2.4625494765584177,2.557755775577473,4.501,8.5,10.26,1236.84,16.152,5.00392083226,0.2115322580645161,0.25,Estable
2017-08-01,3.023222198403386,2.4625494765584177,2.557755775577473,4.501,8.5,10.59,1283.04,16.952,5.47660118187,0.2133032258064516,0.25,Estable
2017-09-01,3.023222198403386,2.4625494765584177,2.557755775577473,4.501,8.5,9.51,1314.07,17.432,5.96114997199,0.21227,0.25,Estable
2017-10-01,3.023222198403386,2.4625494765584177,2.557755775577473,4.501,8.5,10.18,1279.51,16.941,6.17632034854,0.2105451612903225,0.4916666666666666,Sube
2017-11-01,3.023222198403386,2.4625494765584177,2.557755775577473,4.501,8.5,11.28,1281.9,16.977,6.69459903982,0.4529533333333333,0.5,Estable
2017-12-01,3.023222198403386,2.4625494765584177,2.557755775577473,4.501,8.5,11.04,1264.45,16.165,7.13893361413,0.4595225806451612,0.5,Estable
2018-01-01,1.5513309507878548,1.0565116007130948,2.292839903459376,4.145,8.5,13.54,1331.3,17.127,6.66225501314,0.4617870967741935,0.5,Estable
2018-02-01,1.5513309507878548,1.0565116007130948,2.292839903459376,4.145,8.5,19.85,1330.73,16.582,6.7187497665,0.4636571428571429,0.5,Estable
2018-03-01,1.5513309507878548,1.0565116007130948,2.292839903459376,4.145,8.5,19.97,1324.66,16.473,6.69738764036,0.4627774193548387,0.5,Estable
2018-04-01,1.5513309507878548,1.0565116007130948,2.292839903459376,4.145,8.5,15.93,1334.76,16.648,6.92785820242,0.4615333333333333,0.5,Estable
2018-05-01,1.5513309507878548,1.0565116007130948,2.292839903459376,4.145,8.5,15.43,1303.45,16.49,7.48735405732,0.4532967741935483,0.5,Estable
2018-06-01,1.5513309507878548,1.0565116007130948,2.292839903459376,4.145,8.5,16.09,1281.57,16.541,7.44894284404,0.4506199999999999,0.5,Estable
2018-07-01,1.5513309507878548,1.0565116007130948,2.292839903459376,4.145,8.5,12.83,1237.71,15.723,7.59883923025,0.4543999999999999,0.7419354838709677,Sube
2018-08-01,1.5513309507878548,1.0565116007130948,2.292839903459376,4.145,8.5,12.86,1201.71,14.987,8.08490993844,0.6945838709677419,0.75,Estable
2018-09-01,1.5513309507878548,1.0565116007130948,2.292839903459376,4.145,8.5,12.12,1198.39,14.272,9.52157703121,0.7011566666666667,0.75,Estable
2018-10-01,1.5513309507878548,1.0565116007130948,2.292839903459376,4.145,8.5,21.23,1215.39,14.597,8.79096072974,0.7010741935483871,0.75,Estable
2018-11-01,1.5513309507878548,1.0565116007130948,2.292839903459376,4.145,8.5,18.07,1220.65,14.353,8.26507901291,0.7017233333333334,0.75,Estable
2018-12-01,1.5513309507878548,1.0565116007130948,2.292839903459376,4.145,8.5,25.42,1250.4,14.772,7.97624238009,0.7029354838709677,0.75,Estable
2019-01-01,1.2562989976082406,0.736576132017408,1.738104600865128,3.657,8.5,16.57,1291.75,15.624,7.26234323345,0.7051548387096774,0.75,Estable
2019-02-01,1.2562989976082406,0.736576132017408,1.738104600865128,3.657,8.5,14.78,1320.07,15.815,6.0057971222,0.7059964285714286,0.75,Estable
2019-03-01,1.2562989976082406,0.736576132017408,1.738104600865128,3.657,8.5,13.71,1300.9,15.296,5.17873567413,0.7051354838709678,0.75,Estable
2019-04-01,1.2562989976082406,0.736576132017408,1.738104600865128,3.657,8.5,13.12,1285.91,15.055,4.92218081968,0.7082933333333333,0.75,Estable
2019-05-01,1.2562989976082406,0.736576132017408,1.738104600865128,3.657,8.5,18.71,1283.7,14.662,4.34105529405,0.7093645161290323,0.75,Estable
2019-06-01,1.2562989976082406,0.736576132017408,1.738104600865128,3.657,8.5,15.08,1359.04,15.036,3.58800651227,0.7083566666666667,0.75,Estable
2019-07-01,1.2562989976082406,0.736576132017408,1.738104600865128,3.657,8.5,16.12,1412.89,15.791,3.62037140561,0.7090516129032258,0.75,Estable
2019-08-01,1.2562989976082406,0.736576132017408,1.738104600865128,3.657,8.5,18.98,1500.41,17.224,3.67677516041,0.7101612903225807,0.75,Estable
2019-09-01,1.2562989976082406,0.736576132017408,1.738104600865128,3.657,8.5,16.24,1510.58,18.16,4.20525568494,0.7097566666666667,0.75,Estable
2019-10-01,1.2562989976082406,0.736576132017408,1.738104600865128,3.657,8.5,13.22,1494.81,17.645,5.05721785787,0.7107709677419355,0.75,Estable
2019-11-01,1.2562989976082406,0.736576132017408,1.738104600865128,3.657,8.5,12.62,1470.79,17.165,5.15000421731,0.7104966666666667,0.75,Estable
2019-12-01,1.2562989976082406,0.736576132017408,1.738104600865128,3.657,8.5,13.78,1479.13,17.138,4.62047221239,0.7101419354838711,0.75,Estable
2020-01-01,-10.047896637361953,-10.200188793660303,0.9894867037724911,4.472,8.5,18.84,1560.67,17.972,3.63338434727,0.7112645161290322,0.75,Estable
2020-02-01,-10.047896637361953,-10.200188793660303,0.9894867037724911,4.472,8.5,40.11,1597.1,17.88,2.90777364106,0.7105586206896553,0.3483870967741935,Baja
2020-03-01,-10.047896637361953,-10.200188793660303,0.9894867037724911,4.472,8.5,53.54,1591.93,14.884,2.71886838175,0.317816129032258,0.1,Baja
2020-04-01,-10.047896637361953,-10.200188793660303,0.9894867037724911,4.472,8.5,34.15,1683.17,15.065,2.12031866732,0.0656,0.1,Estable
2020-05-01,-10.047896637361953,-10.200188793660303,0.9894867037724911,4.472,8.5,27.51,1715.91,16.256,1.57516497792,0.0673387096774193,0.1,Estable
2020-06-01,-10.047896637361953,-10.200188793660303,0.9894867037724911,4.472,8.5,30.43,1732.22,17.713,1.75217111218,0.06471,0.1,Estable
2020-07-01,-10.047896637361953,-10.200188793660303,0.9894867037724911,4.472,8.5,24.46,1846.51,20.647,1.80103549647,0.0598645161290322,0.1,Estable
2020-08-01,-10.047896637361953,-10.200188793660303,0.9894867037724911,4.472,8.5,26.41,1968.63,27.003,2.86189667673,0.0564838709677419,0.1,Estable
2020-09-01,-10.047896637361953,-10.200188793660303,0.9894867037724911,4.472,8.5,26.37,1921.92,25.742,3.95213946267,0.0548733333333333,0.1,Estable
2020-10-01,-10.047896637361953,-10.200188793660303,0.9894867037724911,4.472,8.5,38.02,1900.27,24.23,4.88959040816,0.0538354838709677,0.1,Estable
2020-11-01,-10.047896637361953,-10.200188793660303,0.9894867037724911,4.472,8.5,20.57,1866.3,24.079,4.83583900516,0.0537466666666666,0.1,Estable
2020-12-01,-10.047896637361953,-10.200188793660303,0.9894867037724911,4.472,8.5,22.75,1858.42,24.968,5.85610629604,0.0491193548387096,0.1,Estable
2021-01-01,8.543111845325502,8.154207825815195,2.51837109614213,4.864,8.5,33.09,1866.98,25.88,7.2683017493,0.0486935483870967,0.1,Estable
2021-02-01,8.543111845325502,8.154207825815195,2.51837109614213,4.864,8.5,27.95,1808.17,27.293,6.15850716652,0.0487607142857142,0.1,Estable
2021-03-01,8.543111845325502,8.154207825815195,2.51837109614213,4.864,8.5,19.4,1718.23,25.648,6.12706957935,0.0486322580645161,0.1,Estable
2021-04-01,8.543111845325502,8.154207825815195,2.51837109614213,4.864,8.5,18.61,1760.04,25.687,7.14681628809,0.04844,0.1,Estable
2021-05-01,8.543111845325502,8.154207825815195,2.51837109614213,4.864,8.5,16.76,1850.26,27.504,8.90875692439,0.0497451612903225,0.1,Estable
2021-06-01,8.543111845325502,8.154207825815195,2.51837109614213,4.864,8.5,15.83,1834.57,26.995,10.30105100564,0.0499166666666666,0.1,Estable
2021-07-01,8.543111845325502,8.154207825815195,2.51837109614213,4.864,8.5,18.24,1807.84,25.677,12.50994243239,0.0505548387096774,0.1,Estable
2021-08-01,8.543111845325502,8.154207825815195,2.51837109614213,4.864,8.5,16.48,1785.28,23.986,15.42647593843,0.0504451612903225,0.1,Estable
2021-09-01,8.543111845325502,8.154207825815195,2.51837109614213,4.864,8.5,23.14,1775.14,23.185,22.84059607792,0.05003,0.1,Estable
2021-10-01,8.543111845325502,8.154207825815195,2.51837109614213,4.864,8.5,16.26,1776.85,23.413,31.05246636754,0.0502258064516129,0.1,Estable
2021-11-01,8.543111845325502,8.154207825815195,2.51837109614213,4.864,8.5,27.19,1821.76,24.175,27.62343200775,0.0467666666666666,0.1774193548387097,Estable
2021-12-01,8.543111845325502,8.154207825815195,2.51837109614213,4.864,8.5,17.22,1790.43,22.532,38.02711984318,0.1205096774193548,0.25,Estable
2022-01-01,5.149703885229928,4.185370171117708,7.922048831479023,3.768,8.5,24.83,1816.02,23.158,28.26067331655,0.1954096774193548,0.4821428571428571,Sube
2022-02-01,5.149703885229928,4.185370171117708,7.922048831479023,3.768,8.5,30.15,1856.3,23.542,27.2297159067,0.4271107142857143,0.6209677419354839,Sube
2022-03-01,5.149703885229928,4.185370171117708,7.922048831479023,3.768,8.5,20.56,1947.83,25.314,42.39297079612,0.5637387096774193,0.75,Sube
2022-04-01,5.149703885229928,4.185370171117708,7.922048831479023,3.768,8.5,33.4,1936.86,24.545,32.20418722871,0.69067,0.967741935483871,Sube
2022-05-01,5.149703885229928,4.185370171117708,7.922048831479023,3.768,8.5,26.19,1848.5,21.905,29.17072267381,0.9073741935483872,1.125,Sube
2022-06-01,5.149703885229928,4.185370171117708,7.922048831479023,3.768,8.5,28.71,1836.57,21.556,33.55773104275,1.06424,1.25,Estable
2022-07-01,5.149703885229928,4.185370171117708,7.922048831479023,3.768,8.5,21.33,1732.74,19.075,51.33003047298,1.1907806451612903,1.7016129032258067,Sube
2022-08-01,5.149703885229928,4.185370171117708,7.922048831479023,3.768,8.5,25.87,1764.56,19.724,70.04363980339,1.641793548387097,2.2333333333333334,Sube
2022-09-01,5.149703885229928,4.185370171117708,7.922048831479023,3.768,8.5,31.62,1680.78,18.944,59.10262225038,1.84033,2.25,Estable
2022-10-01,5.149703885229928,4.185370171117708,7.922048831479023,3.768,8.5,25.88,1664.45,19.426,39.02204993845,2.185954838709677,2.95,Sube
2022-11-01,5.149703885229928,4.185370171117708,7.922048831479023,3.768,8.5,20.58,1725.07,21.018,35.72328224044,2.8778133333333336,3.2741935483870974,Sube
2022-12-01,5.149703885229928,4.185370171117708,7.922048831479023,3.768,8.5,21.67,1797.55,23.326,36.04426003614,3.2021612903225805,3.5000000000000004,Sube
2023-01-01,0.2716500483552542,-1.0283736805902888,6.793967067939626,4.025,8.5,19.4,1897.71,23.653,20.18397092135,3.427532258064516,3.982142857142857,Sube
2023-02-01,0.2716500483552542,-1.0283736805902888,6.793967067939626,4.025,8.5,20.7,1854.54,21.921,16.53713727891,3.909239285714286,4.07258064516129,Estable
2023-03-01,0.2716500483552542,-1.0283736805902888,6.793967067939626,4.025,8.5,18.7,1912.73,21.976,13.81207686229,3.999590322580645,4.25,Sube
2023-04-01,0.2716500483552542,-1.0283736805902888,6.793967067939626,4.025,8.5,15.78,1999.77,25.01,13.52052961513,4.17742,4.419354838709677,Sube
2023-05-01,0.2716500483552542,-1.0283736805902888,6.793967067939626,4.025,8.5,17.94,1992.13,24.267,10.10875599841,4.347164516129032,4.65,Sube
2023-06-01,0.2716500483552542,-1.0283736805902888,6.793967067939626,4.025,8.5,13.59,1942.9,23.417,10.35062473915,4.578076666666666,5.0,Sube
2023-07-01,0.2716500483552542,-1.0283736805902888,6.793967067939626,4.025,8.5,13.63,1951.02,24.256,9.54528398968,4.930164516129032,5.0,Estable
2023-08-01,0.2716500483552542,-1.0283736805902888,6.793967067939626,4.025,8.5,13.57,1918.7,23.437,11.19194456369,5.167590322580645,5.0,Estable
2023-09-01,0.2716500483552542,-1.0283736805902888,6.793967067939626,4.025,8.5,17.52,1915.95,23.101,11.54929514615,5.185433333333333,5.0,Estable
2023-10-01,0.2716500483552542,-1.0283736805902888,6.793967067939626,4.025,8.5,18.14,1916.25,22.379,14.56950705657,5.187122580645162,5.0,Estable
2023-11-01,0.2716500483552542,-1.0283736805902888,6.793967067939626,4.025,8.5,12.92,1984.11,23.488,14.48505487638,5.187543333333334,5.0,Estable
2023-12-01,0.2716500483552542,-1.0283736805902888,6.793967067939626,4.025,8.5,12.45,2026.18,23.878,11.50665790666,5.186961290322581,5.0,Estable
2024-01-01,1.1264226705117952,0.05418399948999841,3.271572946359201,4.361,8.5,14.35,2034.04,22.916,9.55961355312,5.187574193548387,5.0,Estable
2024-02-01,1.1264226705117952,0.05418399948999841,3.271572946359201,4.361,8.5,13.4,2023.24,22.657,8.14838086764,5.188313793103449,5.0,Estable
2024-03-01,1.1264226705117952,0.05418399948999841,3.271572946359201,4.361,8.5,13.01,2158.01,24.518,8.55372632183,5.18931935483871,5.0,Estable
2024-04-01,1.1264226705117952,0.05418399948999841,3.271572946359201,4.361,8.5,15.65,2331.45,27.494,9.08511900567,5.197823333333333,5.0,Estable
2024-05-01,1.1264226705117952,0.05418399948999841,3.271572946359201,4.361,8.5,12.92,2351.13,29.36,10.12306554509,5.200009677419355,5.0,Estable
2024-06-01,1.1264226705117952,0.05418399948999841,3.271572946359201,4.361,8.5,12.44,2326.44,29.577,10.86897789978,5.2,5.0,Estable
2024-07-01,1.1264226705117952,0.05418399948999841,3.271572946359201,4.361,8.5,16.36,2398.2,29.773,10.34681932853,5.2,5.0,Estable
2024-08-01,1.1264226705117952,0.05418399948999841,3.271572946359201,4.361,8.5,15.0,2470.15,28.53,12.37459819711,4.95,5.0,Estable
2024-09-01,1.1264226705117952,0.05418399948999841,3.271572946359201,4.361,8.5,16.73,2570.55,30.131,11.7842591911,4.95,5.0,Estable
2024-10-01,1.1264226705117952,0.05418399948999841,3.271572946359201,4.361,8.5,23.16,2690.08,32.416,12.92013302544,4.95,4.8,Baja
2024-11-01,1.1264226705117952,0.05418399948999841,3.271572946359201,4.361,8.5,13.51,2651.13,31.094,13.92640045783,4.75,4.75,Estable
2024-12-01,1.1264226705117952,0.05418399948999841,3.271572946359201,4.361,8.5,17.35,2648.01,30.764,13.85662099801,4.700009677419355,4.75,Estable
2025-01-01,0.0,0.0,3.271572946359201,4.746,8.5,16.43,2709.69,30.411,14.66351159521,4.70018064516129,4.544642857142857,Baja
2025-02-01,0.0,0.0,3.271572946359201,4.746,8.5,19.63,2894.73,32.152,15.34053214373,4.499003571428571,4.5,Estable
2025-03-01,0.0,0.0,3.271572946359201,4.746,8.5,22.28,2983.25,33.188,13.23540689614,4.455438709677419,4.5,Estable
2025-04-01,0.0,0.0,3.271572946359201,4.746,8.5,24.7,3217.64,32.225,11.59029271163,4.457893333333333,4.306451612903226,Baja
2025-05-01,0.0,0.0,3.271572946359201,4.746,8.5,18.57,3309.49,32.763,11.66346590514,4.266832258064516,4.25,Estable
2025-06-01,0.0,0.0,3.271572946359201,4.746,8.5,16.73,3352.66,36.005,12.36749611794,4.214353333333333,4.25,Estable
2025-07-01,0.0,0.0,3.271572946359201,4.746,8.5,16.72,3340.15,37.698,11.62054157322,4.217225806451613,4.048387096774194,Baja
2025-08-01,0.0,0.0,3.271572946359201,4.746,8.5,15.36,3368.03,38.185,11.14799164024,4.015545161290323,4.0,Estable
2025-09-01,0.0,0.0,3.271572946359201,4.746,8.5,16.28,3667.68,42.816,11.11631534669,3.9671466666666655,4.0,Estable
2025-10-01,0.0,0.0,3.271572946359201,4.746,8.5,17.44,4058.33,49.439,10.88817270675,3.9681451612903222,3.8916666666666666,Estable
2025-11-01,0.0,0.0,3.271572946359201,4.746,8.5,16.35,4087.19,50.432,10.42040288015,3.969253333333333,3.75,Baja
2025-12-01,0.0,0.0,3.271572946359201,4.746,8.5,14.95,4309.23,62.342,9.48260496782,3.8613096774193543,3.75,Estable
